[21:58:02] [main/INFO] [LaunchWrapper]: Loading tweak class name net.minecraftforge.fml.common.launcher.FMLServerTweaker
[21:58:02] [main/INFO] [LaunchWrapper]: Using primary tweak class name net.minecraftforge.fml.common.launcher.FMLServerTweaker
[21:58:02] [main/INFO] [LaunchWrapper]: Calling tweak class net.minecraftforge.fml.common.launcher.FMLServerTweaker
[21:58:03] [main/INFO] [FML]: Forge Mod Loader version 14.23.5.2860 for Minecraft 1.12.2 loading
[21:58:03] [main/INFO] [FML]: Java is OpenJDK 64-Bit Server VM, version 1.8.0_482, running on Linux:amd64:6.8.0-1030-azure, installed at /usr/lib/jvm/java-8-openjdk-amd64/jre
[21:58:07] [main/INFO] [FML]: Searching /workspaces/anzu/servidor_minecraft/./mods for mods
[21:58:07] [main/INFO] [FML]: Loading tweaker org.spongepowered.asm.launch.MixinTweaker from [1.12.2] SecurityCraft v1.10.1.jar
[21:58:07] [main/INFO] [FML]: Loading tweaker org.spongepowered.asm.launch.MixinTweaker from Atlas-Lib-1.12.2-1.1.9.jar
[21:58:07] [main/WARN] [FML]: Found FMLCorePluginContainsFMLMod marker in Bloodmoon-MC1.12.2-1.5.3.jar. This is not recommended, @Mods should be in a separate jar from the coremod.
[21:58:07] [main/WARN] [FML]: The coremod lumien.bloodmoon.asm.LoadingPlugin does not have a MCVersion annotation, it may cause issues with this version of Minecraft
[21:58:07] [main/WARN] [FML]: Found FMLCorePluginContainsFMLMod marker in Forgelin-1.8.4.jar. This is not recommended, @Mods should be in a separate jar from the coremod.
[21:58:07] [main/WARN] [FML]: The coremod net.shadowfacts.forgelin.preloader.ForgelinPlugin does not have a MCVersion annotation, it may cause issues with this version of Minecraft
[21:58:07] [main/WARN] [FML]: The coremod ForgelinPlugin (net.shadowfacts.forgelin.preloader.ForgelinPlugin) is not signed!
[21:58:07] [main/WARN] [FML]: Found FMLCorePluginContainsFMLMod marker in Future-MC-0.2.21.jar. This is not recommended, @Mods should be in a separate jar from the coremod.
[21:58:07] [main/WARN] [FML]: The coremod FutureMC (thedarkcolour.futuremc.asm.CoreLoader) is not signed!
[21:58:07] [main/INFO] [FML]: Loading tweaker org.spongepowered.asm.launch.MixinTweaker from hermitsarsenal-V1.jar
[21:58:07] [main/WARN] [FML]: The coremod ivorius.ivtoolkit.IvToolkitLoadingPlugin does not have a MCVersion annotation, it may cause issues with this version of Minecraft
[21:58:07] [main/WARN] [FML]: The coremod IvToolkit (ivorius.ivtoolkit.IvToolkitLoadingPlugin) is not signed!
[21:58:07] [main/INFO] [FML]: Loading tweaker org.spongepowered.asm.launch.MixinTweaker from nocubesrptweaks-V5.1.jar
[21:58:07] [main/WARN] [FML]: The coremod ObfuscatePlugin (com.mrcrayfish.obfuscate.asm.ObfuscatePlugin) is not signed!
[21:58:07] [main/INFO] [FML]: Loading tweaker org.spongepowered.asm.launch.MixinTweaker from SpartanWeaponry-1.12.2-1.6.1.jar
[21:58:07] [main/INFO] [FML]: Loading tweaker org.spongepowered.asm.launch.MixinTweaker from srptweaks-V2.jar
[21:58:07] [main/WARN] [FML]: Found FMLCorePluginContainsFMLMod marker in techguns-1.12.2-2.0.2.0_pre3.2.jar. This is not recommended, @Mods should be in a separate jar from the coremod.
[21:58:07] [main/WARN] [FML]: The coremod Techguns Core (techguns.core.TechgunsFMLPlugin) is not signed!
[21:58:07] [main/INFO] [FML]: Loading tweaker org.spongepowered.asm.launch.MixinTweaker from The-Hordes-1.12.2-1.5.3c.jar
[21:58:07] [main/WARN] [FML]: Found FMLCorePluginContainsFMLMod marker in xaerolib-forge-1.12-1.0.44.jar. This is not recommended, @Mods should be in a separate jar from the coremod.
[21:58:07] [main/WARN] [FML]: The coremod CorePlugin (xaero.lib.core.CorePlugin) is not signed!
[21:58:07] [main/WARN] [FML]: Found FMLCorePluginContainsFMLMod marker in xaerominimap-forge-1.12.2-25.3.5.jar. This is not recommended, @Mods should be in a separate jar from the coremod.
[21:58:07] [main/WARN] [FML]: The coremod XaeroMinimapPlugin (xaero.common.core.XaeroMinimapPlugin) is not signed!
[21:58:07] [main/INFO] [LaunchWrapper]: Loading tweak class name net.minecraftforge.fml.common.launcher.FMLInjectionAndSortingTweaker
[21:58:07] [main/INFO] [LaunchWrapper]: Loading tweak class name org.spongepowered.asm.launch.MixinTweaker
[21:58:07] [main/INFO] [mixin]: SpongePowered MIXIN Subsystem Version=0.8.3 Source=file:/workspaces/anzu/servidor_minecraft/./mods/%5B1.12.2%5D%20SecurityCraft%20v1.10.1.jar Service=LaunchWrapper Env=SERVER
[21:58:07] [main/WARN] [FML]: The coremod SecurityCraftLoadingPlugin (net.geforcemods.securitycraft.SecurityCraftLoadingPlugin) is not signed!
[21:58:07] [main/INFO] [mixin]: Compatibility level set to JAVA_8
[21:58:07] [main/WARN] [FML]: The coremod net.smileycorp.atlas.common.MixinLoader does not have a MCVersion annotation, it may cause issues with this version of Minecraft
[21:58:07] [main/WARN] [FML]: The coremod MixinLoader (net.smileycorp.atlas.common.MixinLoader) is not signed!
[21:58:07] [main/WARN] [FML]: The coremod SpartanWeaponry-MixinLoader (com.oblivioussp.spartanweaponry.mixin.MixinLoader) is not signed!
[21:58:07] [main/WARN] [LaunchWrapper]: Tweak class name org.spongepowered.asm.launch.MixinTweaker has already been visited -- skipping
[21:58:07] [main/WARN] [LaunchWrapper]: Tweak class name org.spongepowered.asm.launch.MixinTweaker has already been visited -- skipping
[21:58:07] [main/WARN] [LaunchWrapper]: Tweak class name org.spongepowered.asm.launch.MixinTweaker has already been visited -- skipping
[21:58:07] [main/WARN] [LaunchWrapper]: Tweak class name org.spongepowered.asm.launch.MixinTweaker has already been visited -- skipping
[21:58:07] [main/WARN] [LaunchWrapper]: Tweak class name org.spongepowered.asm.launch.MixinTweaker has already been visited -- skipping
[21:58:07] [main/WARN] [LaunchWrapper]: Tweak class name org.spongepowered.asm.launch.MixinTweaker has already been visited -- skipping
[21:58:07] [main/INFO] [LaunchWrapper]: Loading tweak class name net.minecraftforge.fml.common.launcher.FMLDeobfTweaker
[21:58:07] [main/INFO] [LaunchWrapper]: Calling tweak class net.minecraftforge.fml.common.launcher.FMLInjectionAndSortingTweaker
[21:58:07] [main/INFO] [LaunchWrapper]: Calling tweak class net.minecraftforge.fml.common.launcher.FMLInjectionAndSortingTweaker
[21:58:07] [main/INFO] [LaunchWrapper]: Calling tweak class net.minecraftforge.fml.relauncher.CoreModManager$FMLPluginWrapper
[21:58:09] [main/INFO] [FML]: Found valid fingerprint for Minecraft Forge. Certificate fingerprint e3c3d50c7c986df74c645c0ac54639741c90a557
[21:58:09] [main/INFO] [LaunchWrapper]: Calling tweak class net.minecraftforge.fml.relauncher.CoreModManager$FMLPluginWrapper
[21:58:09] [main/INFO] [LaunchWrapper]: Calling tweak class net.minecraftforge.fml.relauncher.CoreModManager$FMLPluginWrapper
[21:58:09] [main/INFO] [LaunchWrapper]: Calling tweak class net.minecraftforge.fml.relauncher.CoreModManager$FMLPluginWrapper
[21:58:09] [main/INFO] [LaunchWrapper]: Calling tweak class net.minecraftforge.fml.relauncher.CoreModManager$FMLPluginWrapper
[21:58:09] [main/INFO] [LaunchWrapper]: Calling tweak class net.minecraftforge.fml.relauncher.CoreModManager$FMLPluginWrapper
[21:58:09] [main/INFO] [LaunchWrapper]: Calling tweak class org.spongepowered.asm.launch.MixinTweaker
[21:58:09] [main/ERROR] [mixin]: Mixin config mixins.hermitsarsenal.json does not specify "minVersion" property
[21:58:09] [main/ERROR] [mixin]: Mixin config mixins.nocubesrptweaks.base.json does not specify "minVersion" property
[21:58:09] [main/ERROR] [mixin]: Mixin config mixins.srptweaks.json does not specify "minVersion" property
[21:58:09] [main/ERROR] [mixin]: Mixin config mixins.hordes.json does not specify "minVersion" property
[21:58:09] [main/INFO] [mixin]: Initialised Mixin FML Remapper Adapter with net.minecraftforge.fml.common.asm.transformers.deobf.FMLDeobfuscatingRemapper@22d9c961
[21:58:09] [main/INFO] [LaunchWrapper]: Calling tweak class net.minecraftforge.fml.common.launcher.FMLDeobfTweaker
[21:58:09] [main/INFO] [LaunchWrapper]: Calling tweak class net.minecraftforge.fml.relauncher.CoreModManager$FMLPluginWrapper
[21:58:09] [main/INFO] [LaunchWrapper]: Calling tweak class net.minecraftforge.fml.relauncher.CoreModManager$FMLPluginWrapper
[21:58:09] [main/INFO] [LaunchWrapper]: Calling tweak class net.minecraftforge.fml.relauncher.CoreModManager$FMLPluginWrapper
[21:58:09] [main/INFO] [LaunchWrapper]: Calling tweak class net.minecraftforge.fml.relauncher.CoreModManager$FMLPluginWrapper
[21:58:09] [main/INFO] [LaunchWrapper]: Loading tweak class name net.minecraftforge.fml.common.launcher.TerminalTweaker
[21:58:09] [main/INFO] [LaunchWrapper]: Loading tweak class name org.spongepowered.asm.mixin.EnvironmentStateTweaker
[21:58:09] [main/INFO] [LaunchWrapper]: Calling tweak class net.minecraftforge.fml.common.launcher.TerminalTweaker
[21:58:09] [main/INFO] [LaunchWrapper]: Calling tweak class org.spongepowered.asm.mixin.EnvironmentStateTweaker
[21:58:09] [main/INFO] [STDOUT]: [xaero.common.core.transformer.ClassNodeTransformer:transform:29]: Transforming class net.minecraft.server.MinecraftServer net.minecraft.server.MinecraftServer
[21:58:09] [main/INFO] [STDOUT]: [xaero.lib.core.transformer.ClassNodeTransformer:transform:29]: Transforming class oq net.minecraft.entity.player.EntityPlayerMP
[21:58:09] [main/INFO] [STDOUT]: [xaero.common.core.transformer.ClassNodeTransformer:transform:29]: Transforming class oq net.minecraft.entity.player.EntityPlayerMP
[21:58:09] [main/INFO] [STDOUT]: [xaero.lib.core.transformer.ClassNodeTransformer:transform:29]: Transforming class pl net.minecraft.server.management.PlayerList
[21:58:09] [main/INFO] [STDOUT]: [xaero.common.core.transformer.ClassNodeTransformer:transform:29]: Transforming class pl net.minecraft.server.management.PlayerList
[21:58:10] [main/INFO] [mixin]: A re-entrant transformer '$wrapper.thedarkcolour.futuremc.asm.CoreTransformer' was detected and will no longer process meta class data
[21:58:10] [main/INFO] [STDOUT]: [xaero.common.core.transformer.ClassNodeTransformer:transform:29]: Transforming class aed net.minecraft.entity.player.EntityPlayer
[21:58:10] [main/INFO] [STDOUT]: [xaero.lib.core.transformer.ClassNodeTransformer:transform:29]: Transforming class pl net.minecraft.server.management.PlayerList
[21:58:10] [main/INFO] [STDOUT]: [xaero.common.core.transformer.ClassNodeTransformer:transform:29]: Transforming class pl net.minecraft.server.management.PlayerList
[21:58:10] [main/INFO] [Service]: Initializing MixinExtras via com.llamalad7.mixinextras.service.MixinExtrasServiceImpl(version=0.4.1).
[21:58:11] [main/INFO] [STDOUT]: [xaero.common.core.transformer.ClassNodeTransformer:transform:29]: Transforming class aed net.minecraft.entity.player.EntityPlayer
[21:58:11] [main/INFO] [LaunchWrapper]: Launching wrapped minecraft {net.minecraft.server.MinecraftServer}
[21:58:12] [main/INFO] [STDOUT]: [xaero.lib.core.transformer.ClassNodeTransformer:transform:29]: Transforming class oq net.minecraft.entity.player.EntityPlayerMP
[21:58:12] [main/INFO] [STDOUT]: [xaero.common.core.transformer.ClassNodeTransformer:transform:29]: Transforming class oq net.minecraft.entity.player.EntityPlayerMP
[21:58:14] [main/INFO] [STDOUT]: [xaero.common.core.transformer.ClassNodeTransformer:transform:29]: Transforming class bfc net.minecraft.world.storage.SaveFormatOld
[21:58:14] [Server thread/INFO] [net.minecraft.server.dedicated.DedicatedServer]: Starting minecraft server version 1.12.2
[21:58:14] [Server thread/INFO] [FML]: MinecraftForge v14.23.5.2860 Initialized
[21:58:14] [Server thread/INFO] [FML]: Starts to replace vanilla recipe ingredients with ore ingredients.
[21:58:14] [Server thread/INFO] [FML]: Invalid recipe found with multiple oredict ingredients in the same ingredient...
[21:58:14] [Server thread/INFO] [FML]: Replaced 1227 ore ingredients
[21:58:14] [Server thread/INFO] [FML]: Searching /workspaces/anzu/servidor_minecraft/./mods for mods
[21:58:15] [Server thread/WARN] [FML]: Mod securitycraft is missing the required element 'version' and a version.properties file could not be found. Falling back to metadata version v1.10.1
[21:58:15] [Server thread/INFO] [FML]: Disabling mod betteradvancements it is client side only.
[21:58:15] [Server thread/WARN] [FML]: Mod bettermineshafts is missing the required element 'version' and a version.properties file could not be found. Falling back to metadata version 1.12.2-2.2.1
[21:58:16] [Server thread/WARN] [FML]: Mod hermitsarsenal is missing the required element 'version' and a version.properties file could not be found. Falling back to metadata version V1
[21:58:16] [Server thread/INFO] [FML]: Disabling mod jehc it is client side only.
[21:58:16] [Server thread/INFO] [FML]: Disabling mod jeresources it is client side only.
[21:58:16] [Server thread/ERROR] [FML]: Unable to read a class file correctly
java.lang.IllegalArgumentException: null
	at org.objectweb.asm.ClassReader.<init>(ClassReader.java:185) ~[asm-debug-all-5.2.jar:5.2]
	at org.objectweb.asm.ClassReader.<init>(ClassReader.java:168) ~[asm-debug-all-5.2.jar:5.2]
	at org.objectweb.asm.ClassReader.<init>(ClassReader.java:439) ~[asm-debug-all-5.2.jar:5.2]
	at net.minecraftforge.fml.common.discovery.asm.ASMModParser.<init>(ASMModParser.java:57) [ASMModParser.class:?]
	at net.minecraftforge.fml.common.discovery.JarDiscoverer.findClassesASM(JarDiscoverer.java:102) [JarDiscoverer.class:?]
	at net.minecraftforge.fml.common.discovery.JarDiscoverer.discover(JarDiscoverer.java:77) [JarDiscoverer.class:?]
	at net.minecraftforge.fml.common.discovery.ContainerType.findMods(ContainerType.java:47) [ContainerType.class:?]
	at net.minecraftforge.fml.common.discovery.ModCandidate.explore(ModCandidate.java:74) [ModCandidate.class:?]
	at net.minecraftforge.fml.common.discovery.ModDiscoverer.identifyMods(ModDiscoverer.java:93) [ModDiscoverer.class:?]
	at net.minecraftforge.fml.common.Loader.identifyMods(Loader.java:427) [Loader.class:?]
	at net.minecraftforge.fml.common.Loader.loadMods(Loader.java:568) [Loader.class:?]
	at net.minecraftforge.fml.server.FMLServerHandler.beginServerLoading(FMLServerHandler.java:98) [FMLServerHandler.class:?]
	at net.minecraftforge.fml.common.FMLCommonHandler.onServerStart(FMLCommonHandler.java:333) [FMLCommonHandler.class:?]
	at net.minecraft.server.dedicated.DedicatedServer.func_71197_b(DedicatedServer.java:125) [nz.class:?]
	at net.minecraft.server.MinecraftServer.run(MinecraftServer.java:486) [MinecraftServer.class:?]
	at java.lang.Thread.run(Thread.java:750) [?:1.8.0_482]
[21:58:16] [Server thread/ERROR] [FML]: There was a problem reading the entry net/caffeinemc/mods/lithium/api/inventory/LithiumCooldownReceivingInventory.class in the jar ./mods/lithium-fabric-0.21.2+mc1.21.11.jar - probably a corrupt zip
net.minecraftforge.fml.common.LoaderException: java.lang.IllegalArgumentException

	at net.minecraftforge.fml.common.discovery.asm.ASMModParser.<init>(ASMModParser.java:63) ~[ASMModParser.class:?]
	at net.minecraftforge.fml.common.discovery.JarDiscoverer.findClassesASM(JarDiscoverer.java:102) [JarDiscoverer.class:?]
	at net.minecraftforge.fml.common.discovery.JarDiscoverer.discover(JarDiscoverer.java:77) [JarDiscoverer.class:?]
	at net.minecraftforge.fml.common.discovery.ContainerType.findMods(ContainerType.java:47) [ContainerType.class:?]
	at net.minecraftforge.fml.common.discovery.ModCandidate.explore(ModCandidate.java:74) [ModCandidate.class:?]
	at net.minecraftforge.fml.common.discovery.ModDiscoverer.identifyMods(ModDiscoverer.java:93) [ModDiscoverer.class:?]
	at net.minecraftforge.fml.common.Loader.identifyMods(Loader.java:427) [Loader.class:?]
	at net.minecraftforge.fml.common.Loader.loadMods(Loader.java:568) [Loader.class:?]
	at net.minecraftforge.fml.server.FMLServerHandler.beginServerLoading(FMLServerHandler.java:98) [FMLServerHandler.class:?]
	at net.minecraftforge.fml.common.FMLCommonHandler.onServerStart(FMLCommonHandler.java:333) [FMLCommonHandler.class:?]
	at net.minecraft.server.dedicated.DedicatedServer.func_71197_b(DedicatedServer.java:125) [nz.class:?]
	at net.minecraft.server.MinecraftServer.run(MinecraftServer.java:486) [MinecraftServer.class:?]
	at java.lang.Thread.run(Thread.java:750) [?:1.8.0_482]
Caused by: java.lang.IllegalArgumentException
	at org.objectweb.asm.ClassReader.<init>(ClassReader.java:185) ~[asm-debug-all-5.2.jar:5.2]
	at org.objectweb.asm.ClassReader.<init>(ClassReader.java:168) ~[asm-debug-all-5.2.jar:5.2]
	at org.objectweb.asm.ClassReader.<init>(ClassReader.java:439) ~[asm-debug-all-5.2.jar:5.2]
	at net.minecraftforge.fml.common.discovery.asm.ASMModParser.<init>(ASMModParser.java:57) ~[ASMModParser.class:?]
	... 12 more
[21:58:16] [Server thread/WARN] [FML]: Zip file lithium-fabric-0.21.2+mc1.21.11.jar failed to read properly, it will be ignored
net.minecraftforge.fml.common.LoaderException: java.lang.IllegalArgumentException

	at net.minecraftforge.fml.common.discovery.asm.ASMModParser.<init>(ASMModParser.java:63) ~[ASMModParser.class:?]
	at net.minecraftforge.fml.common.discovery.JarDiscoverer.findClassesASM(JarDiscoverer.java:102) ~[JarDiscoverer.class:?]
	at net.minecraftforge.fml.common.discovery.JarDiscoverer.discover(JarDiscoverer.java:77) [JarDiscoverer.class:?]
	at net.minecraftforge.fml.common.discovery.ContainerType.findMods(ContainerType.java:47) [ContainerType.class:?]
	at net.minecraftforge.fml.common.discovery.ModCandidate.explore(ModCandidate.java:74) [ModCandidate.class:?]
	at net.minecraftforge.fml.common.discovery.ModDiscoverer.identifyMods(ModDiscoverer.java:93) [ModDiscoverer.class:?]
	at net.minecraftforge.fml.common.Loader.identifyMods(Loader.java:427) [Loader.class:?]
	at net.minecraftforge.fml.common.Loader.loadMods(Loader.java:568) [Loader.class:?]
	at net.minecraftforge.fml.server.FMLServerHandler.beginServerLoading(FMLServerHandler.java:98) [FMLServerHandler.class:?]
	at net.minecraftforge.fml.common.FMLCommonHandler.onServerStart(FMLCommonHandler.java:333) [FMLCommonHandler.class:?]
	at net.minecraft.server.dedicated.DedicatedServer.func_71197_b(DedicatedServer.java:125) [nz.class:?]
	at net.minecraft.server.MinecraftServer.run(MinecraftServer.java:486) [MinecraftServer.class:?]
	at java.lang.Thread.run(Thread.java:750) [?:1.8.0_482]
Caused by: java.lang.IllegalArgumentException
	at org.objectweb.asm.ClassReader.<init>(ClassReader.java:185) ~[asm-debug-all-5.2.jar:5.2]
	at org.objectweb.asm.ClassReader.<init>(ClassReader.java:168) ~[asm-debug-all-5.2.jar:5.2]
	at org.objectweb.asm.ClassReader.<init>(ClassReader.java:439) ~[asm-debug-all-5.2.jar:5.2]
	at net.minecraftforge.fml.common.discovery.asm.ASMModParser.<init>(ASMModParser.java:57) ~[ASMModParser.class:?]
	... 12 more
[21:58:16] [Server thread/INFO] [FML]: Disabling mod neat it is client side only.
[21:58:16] [Server thread/ERROR] [FML]: Unable to read a class file correctly
java.lang.IllegalArgumentException: null
	at org.objectweb.asm.ClassReader.<init>(ClassReader.java:185) ~[asm-debug-all-5.2.jar:5.2]
	at org.objectweb.asm.ClassReader.<init>(ClassReader.java:168) ~[asm-debug-all-5.2.jar:5.2]
	at org.objectweb.asm.ClassReader.<init>(ClassReader.java:439) ~[asm-debug-all-5.2.jar:5.2]
	at net.minecraftforge.fml.common.discovery.asm.ASMModParser.<init>(ASMModParser.java:57) [ASMModParser.class:?]
	at net.minecraftforge.fml.common.discovery.JarDiscoverer.findClassesASM(JarDiscoverer.java:102) [JarDiscoverer.class:?]
	at net.minecraftforge.fml.common.discovery.JarDiscoverer.discover(JarDiscoverer.java:77) [JarDiscoverer.class:?]
	at net.minecraftforge.fml.common.discovery.ContainerType.findMods(ContainerType.java:47) [ContainerType.class:?]
	at net.minecraftforge.fml.common.discovery.ModCandidate.explore(ModCandidate.java:74) [ModCandidate.class:?]
	at net.minecraftforge.fml.common.discovery.ModDiscoverer.identifyMods(ModDiscoverer.java:93) [ModDiscoverer.class:?]
	at net.minecraftforge.fml.common.Loader.identifyMods(Loader.java:427) [Loader.class:?]
	at net.minecraftforge.fml.common.Loader.loadMods(Loader.java:568) [Loader.class:?]
	at net.minecraftforge.fml.server.FMLServerHandler.beginServerLoading(FMLServerHandler.java:98) [FMLServerHandler.class:?]
	at net.minecraftforge.fml.common.FMLCommonHandler.onServerStart(FMLCommonHandler.java:333) [FMLCommonHandler.class:?]
	at net.minecraft.server.dedicated.DedicatedServer.func_71197_b(DedicatedServer.java:125) [nz.class:?]
	at net.minecraft.server.MinecraftServer.run(MinecraftServer.java:486) [MinecraftServer.class:?]
	at java.lang.Thread.run(Thread.java:750) [?:1.8.0_482]
[21:58:16] [Server thread/ERROR] [FML]: There was a problem reading the entry logictechcorp/netherex/NetherEx.class in the jar ./mods/NetherEx-fabric-1.21.4-1.2.3.jar - probably a corrupt zip
net.minecraftforge.fml.common.LoaderException: java.lang.IllegalArgumentException

	at net.minecraftforge.fml.common.discovery.asm.ASMModParser.<init>(ASMModParser.java:63) ~[ASMModParser.class:?]
	at net.minecraftforge.fml.common.discovery.JarDiscoverer.findClassesASM(JarDiscoverer.java:102) [JarDiscoverer.class:?]
	at net.minecraftforge.fml.common.discovery.JarDiscoverer.discover(JarDiscoverer.java:77) [JarDiscoverer.class:?]
	at net.minecraftforge.fml.common.discovery.ContainerType.findMods(ContainerType.java:47) [ContainerType.class:?]
	at net.minecraftforge.fml.common.discovery.ModCandidate.explore(ModCandidate.java:74) [ModCandidate.class:?]
	at net.minecraftforge.fml.common.discovery.ModDiscoverer.identifyMods(ModDiscoverer.java:93) [ModDiscoverer.class:?]
	at net.minecraftforge.fml.common.Loader.identifyMods(Loader.java:427) [Loader.class:?]
	at net.minecraftforge.fml.common.Loader.loadMods(Loader.java:568) [Loader.class:?]
	at net.minecraftforge.fml.server.FMLServerHandler.beginServerLoading(FMLServerHandler.java:98) [FMLServerHandler.class:?]
	at net.minecraftforge.fml.common.FMLCommonHandler.onServerStart(FMLCommonHandler.java:333) [FMLCommonHandler.class:?]
	at net.minecraft.server.dedicated.DedicatedServer.func_71197_b(DedicatedServer.java:125) [nz.class:?]
	at net.minecraft.server.MinecraftServer.run(MinecraftServer.java:486) [MinecraftServer.class:?]
	at java.lang.Thread.run(Thread.java:750) [?:1.8.0_482]
Caused by: java.lang.IllegalArgumentException
	at org.objectweb.asm.ClassReader.<init>(ClassReader.java:185) ~[asm-debug-all-5.2.jar:5.2]
	at org.objectweb.asm.ClassReader.<init>(ClassReader.java:168) ~[asm-debug-all-5.2.jar:5.2]
	at org.objectweb.asm.ClassReader.<init>(ClassReader.java:439) ~[asm-debug-all-5.2.jar:5.2]
	at net.minecraftforge.fml.common.discovery.asm.ASMModParser.<init>(ASMModParser.java:57) ~[ASMModParser.class:?]
	... 12 more
[21:58:16] [Server thread/WARN] [FML]: Zip file NetherEx-fabric-1.21.4-1.2.3.jar failed to read properly, it will be ignored
net.minecraftforge.fml.common.LoaderException: java.lang.IllegalArgumentException

	at net.minecraftforge.fml.common.discovery.asm.ASMModParser.<init>(ASMModParser.java:63) ~[ASMModParser.class:?]
	at net.minecraftforge.fml.common.discovery.JarDiscoverer.findClassesASM(JarDiscoverer.java:102) ~[JarDiscoverer.class:?]
	at net.minecraftforge.fml.common.discovery.JarDiscoverer.discover(JarDiscoverer.java:77) [JarDiscoverer.class:?]
	at net.minecraftforge.fml.common.discovery.ContainerType.findMods(ContainerType.java:47) [ContainerType.class:?]
	at net.minecraftforge.fml.common.discovery.ModCandidate.explore(ModCandidate.java:74) [ModCandidate.class:?]
	at net.minecraftforge.fml.common.discovery.ModDiscoverer.identifyMods(ModDiscoverer.java:93) [ModDiscoverer.class:?]
	at net.minecraftforge.fml.common.Loader.identifyMods(Loader.java:427) [Loader.class:?]
	at net.minecraftforge.fml.common.Loader.loadMods(Loader.java:568) [Loader.class:?]
	at net.minecraftforge.fml.server.FMLServerHandler.beginServerLoading(FMLServerHandler.java:98) [FMLServerHandler.class:?]
	at net.minecraftforge.fml.common.FMLCommonHandler.onServerStart(FMLCommonHandler.java:333) [FMLCommonHandler.class:?]
	at net.minecraft.server.dedicated.DedicatedServer.func_71197_b(DedicatedServer.java:125) [nz.class:?]
	at net.minecraft.server.MinecraftServer.run(MinecraftServer.java:486) [MinecraftServer.class:?]
	at java.lang.Thread.run(Thread.java:750) [?:1.8.0_482]
Caused by: java.lang.IllegalArgumentException
	at org.objectweb.asm.ClassReader.<init>(ClassReader.java:185) ~[asm-debug-all-5.2.jar:5.2]
	at org.objectweb.asm.ClassReader.<init>(ClassReader.java:168) ~[asm-debug-all-5.2.jar:5.2]
	at org.objectweb.asm.ClassReader.<init>(ClassReader.java:439) ~[asm-debug-all-5.2.jar:5.2]
	at net.minecraftforge.fml.common.discovery.asm.ASMModParser.<init>(ASMModParser.java:57) ~[ASMModParser.class:?]
	... 12 more
[21:58:16] [Server thread/WARN] [FML]: Mod nocubesrptweaks is missing the required element 'version' and a version.properties file could not be found. Falling back to metadata version V5.1
[21:58:16] [Server thread/INFO] [FML]: Disabling mod overpoweredarmorbar it is client side only.
[21:58:16] [Server thread/ERROR] [FML]: Unable to read a class file correctly
java.lang.IllegalArgumentException: null
	at org.objectweb.asm.ClassReader.<init>(ClassReader.java:185) ~[asm-debug-all-5.2.jar:5.2]
	at org.objectweb.asm.ClassReader.<init>(ClassReader.java:168) ~[asm-debug-all-5.2.jar:5.2]
	at org.objectweb.asm.ClassReader.<init>(ClassReader.java:439) ~[asm-debug-all-5.2.jar:5.2]
	at net.minecraftforge.fml.common.discovery.asm.ASMModParser.<init>(ASMModParser.java:57) [ASMModParser.class:?]
	at net.minecraftforge.fml.common.discovery.JarDiscoverer.findClassesASM(JarDiscoverer.java:102) [JarDiscoverer.class:?]
	at net.minecraftforge.fml.common.discovery.JarDiscoverer.discover(JarDiscoverer.java:77) [JarDiscoverer.class:?]
	at net.minecraftforge.fml.common.discovery.ContainerType.findMods(ContainerType.java:47) [ContainerType.class:?]
	at net.minecraftforge.fml.common.discovery.ModCandidate.explore(ModCandidate.java:74) [ModCandidate.class:?]
	at net.minecraftforge.fml.common.discovery.ModDiscoverer.identifyMods(ModDiscoverer.java:93) [ModDiscoverer.class:?]
	at net.minecraftforge.fml.common.Loader.identifyMods(Loader.java:427) [Loader.class:?]
	at net.minecraftforge.fml.common.Loader.loadMods(Loader.java:568) [Loader.class:?]
	at net.minecraftforge.fml.server.FMLServerHandler.beginServerLoading(FMLServerHandler.java:98) [FMLServerHandler.class:?]
	at net.minecraftforge.fml.common.FMLCommonHandler.onServerStart(FMLCommonHandler.java:333) [FMLCommonHandler.class:?]
	at net.minecraft.server.dedicated.DedicatedServer.func_71197_b(DedicatedServer.java:125) [nz.class:?]
	at net.minecraft.server.MinecraftServer.run(MinecraftServer.java:486) [MinecraftServer.class:?]
	at java.lang.Thread.run(Thread.java:750) [?:1.8.0_482]
[21:58:16] [Server thread/ERROR] [FML]: There was a problem reading the entry net/caffeinemc/mods/sodium/service/SodiumWorkarounds.class in the jar ./mods/sodium-neoforge-0.8.4+mc1.21.11.jar - probably a corrupt zip
net.minecraftforge.fml.common.LoaderException: java.lang.IllegalArgumentException

	at net.minecraftforge.fml.common.discovery.asm.ASMModParser.<init>(ASMModParser.java:63) ~[ASMModParser.class:?]
	at net.minecraftforge.fml.common.discovery.JarDiscoverer.findClassesASM(JarDiscoverer.java:102) [JarDiscoverer.class:?]
	at net.minecraftforge.fml.common.discovery.JarDiscoverer.discover(JarDiscoverer.java:77) [JarDiscoverer.class:?]
	at net.minecraftforge.fml.common.discovery.ContainerType.findMods(ContainerType.java:47) [ContainerType.class:?]
	at net.minecraftforge.fml.common.discovery.ModCandidate.explore(ModCandidate.java:74) [ModCandidate.class:?]
	at net.minecraftforge.fml.common.discovery.ModDiscoverer.identifyMods(ModDiscoverer.java:93) [ModDiscoverer.class:?]
	at net.minecraftforge.fml.common.Loader.identifyMods(Loader.java:427) [Loader.class:?]
	at net.minecraftforge.fml.common.Loader.loadMods(Loader.java:568) [Loader.class:?]
	at net.minecraftforge.fml.server.FMLServerHandler.beginServerLoading(FMLServerHandler.java:98) [FMLServerHandler.class:?]
	at net.minecraftforge.fml.common.FMLCommonHandler.onServerStart(FMLCommonHandler.java:333) [FMLCommonHandler.class:?]
	at net.minecraft.server.dedicated.DedicatedServer.func_71197_b(DedicatedServer.java:125) [nz.class:?]
	at net.minecraft.server.MinecraftServer.run(MinecraftServer.java:486) [MinecraftServer.class:?]
	at java.lang.Thread.run(Thread.java:750) [?:1.8.0_482]
Caused by: java.lang.IllegalArgumentException
	at org.objectweb.asm.ClassReader.<init>(ClassReader.java:185) ~[asm-debug-all-5.2.jar:5.2]
	at org.objectweb.asm.ClassReader.<init>(ClassReader.java:168) ~[asm-debug-all-5.2.jar:5.2]
	at org.objectweb.asm.ClassReader.<init>(ClassReader.java:439) ~[asm-debug-all-5.2.jar:5.2]
	at net.minecraftforge.fml.common.discovery.asm.ASMModParser.<init>(ASMModParser.java:57) ~[ASMModParser.class:?]
	... 12 more
[21:58:16] [Server thread/WARN] [FML]: Zip file sodium-neoforge-0.8.4+mc1.21.11.jar failed to read properly, it will be ignored
net.minecraftforge.fml.common.LoaderException: java.lang.IllegalArgumentException

	at net.minecraftforge.fml.common.discovery.asm.ASMModParser.<init>(ASMModParser.java:63) ~[ASMModParser.class:?]
	at net.minecraftforge.fml.common.discovery.JarDiscoverer.findClassesASM(JarDiscoverer.java:102) ~[JarDiscoverer.class:?]
	at net.minecraftforge.fml.common.discovery.JarDiscoverer.discover(JarDiscoverer.java:77) [JarDiscoverer.class:?]
	at net.minecraftforge.fml.common.discovery.ContainerType.findMods(ContainerType.java:47) [ContainerType.class:?]
	at net.minecraftforge.fml.common.discovery.ModCandidate.explore(ModCandidate.java:74) [ModCandidate.class:?]
	at net.minecraftforge.fml.common.discovery.ModDiscoverer.identifyMods(ModDiscoverer.java:93) [ModDiscoverer.class:?]
	at net.minecraftforge.fml.common.Loader.identifyMods(Loader.java:427) [Loader.class:?]
	at net.minecraftforge.fml.common.Loader.loadMods(Loader.java:568) [Loader.class:?]
	at net.minecraftforge.fml.server.FMLServerHandler.beginServerLoading(FMLServerHandler.java:98) [FMLServerHandler.class:?]
	at net.minecraftforge.fml.common.FMLCommonHandler.onServerStart(FMLCommonHandler.java:333) [FMLCommonHandler.class:?]
	at net.minecraft.server.dedicated.DedicatedServer.func_71197_b(DedicatedServer.java:125) [nz.class:?]
	at net.minecraft.server.MinecraftServer.run(MinecraftServer.java:486) [MinecraftServer.class:?]
	at java.lang.Thread.run(Thread.java:750) [?:1.8.0_482]
Caused by: java.lang.IllegalArgumentException
	at org.objectweb.asm.ClassReader.<init>(ClassReader.java:185) ~[asm-debug-all-5.2.jar:5.2]
	at org.objectweb.asm.ClassReader.<init>(ClassReader.java:168) ~[asm-debug-all-5.2.jar:5.2]
	at org.objectweb.asm.ClassReader.<init>(ClassReader.java:439) ~[asm-debug-all-5.2.jar:5.2]
	at net.minecraftforge.fml.common.discovery.asm.ASMModParser.<init>(ASMModParser.java:57) ~[ASMModParser.class:?]
	... 12 more
[21:58:16] [Server thread/WARN] [FML]: Mod srptweaks is missing the required element 'version' and a version.properties file could not be found. Falling back to metadata version V2
[21:58:17] [Server thread/WARN] [FML]: Mod swparasites is missing the required element 'version' and a version.properties file could not be found. Falling back to metadata version v4
[21:58:17] [Server thread/ERROR] [FML]: Unable to read a class file correctly
java.lang.IllegalArgumentException: null
	at org.objectweb.asm.ClassReader.<init>(ClassReader.java:185) ~[asm-debug-all-5.2.jar:5.2]
	at org.objectweb.asm.ClassReader.<init>(ClassReader.java:168) ~[asm-debug-all-5.2.jar:5.2]
	at org.objectweb.asm.ClassReader.<init>(ClassReader.java:439) ~[asm-debug-all-5.2.jar:5.2]
	at net.minecraftforge.fml.common.discovery.asm.ASMModParser.<init>(ASMModParser.java:57) [ASMModParser.class:?]
	at net.minecraftforge.fml.common.discovery.JarDiscoverer.findClassesASM(JarDiscoverer.java:102) [JarDiscoverer.class:?]
	at net.minecraftforge.fml.common.discovery.JarDiscoverer.discover(JarDiscoverer.java:77) [JarDiscoverer.class:?]
	at net.minecraftforge.fml.common.discovery.ContainerType.findMods(ContainerType.java:47) [ContainerType.class:?]
	at net.minecraftforge.fml.common.discovery.ModCandidate.explore(ModCandidate.java:74) [ModCandidate.class:?]
	at net.minecraftforge.fml.common.discovery.ModDiscoverer.identifyMods(ModDiscoverer.java:93) [ModDiscoverer.class:?]
	at net.minecraftforge.fml.common.Loader.identifyMods(Loader.java:427) [Loader.class:?]
	at net.minecraftforge.fml.common.Loader.loadMods(Loader.java:568) [Loader.class:?]
	at net.minecraftforge.fml.server.FMLServerHandler.beginServerLoading(FMLServerHandler.java:98) [FMLServerHandler.class:?]
	at net.minecraftforge.fml.common.FMLCommonHandler.onServerStart(FMLCommonHandler.java:333) [FMLCommonHandler.class:?]
	at net.minecraft.server.dedicated.DedicatedServer.func_71197_b(DedicatedServer.java:125) [nz.class:?]
	at net.minecraft.server.MinecraftServer.run(MinecraftServer.java:486) [MinecraftServer.class:?]
	at java.lang.Thread.run(Thread.java:750) [?:1.8.0_482]
[21:58:17] [Server thread/ERROR] [FML]: There was a problem reading the entry org/tlauncher/configuration/ModConfiguration.class in the jar ./mods/tl_skin_cape_forge_1.21.1-1.38.jar - probably a corrupt zip
net.minecraftforge.fml.common.LoaderException: java.lang.IllegalArgumentException

	at net.minecraftforge.fml.common.discovery.asm.ASMModParser.<init>(ASMModParser.java:63) ~[ASMModParser.class:?]
	at net.minecraftforge.fml.common.discovery.JarDiscoverer.findClassesASM(JarDiscoverer.java:102) [JarDiscoverer.class:?]
	at net.minecraftforge.fml.common.discovery.JarDiscoverer.discover(JarDiscoverer.java:77) [JarDiscoverer.class:?]
	at net.minecraftforge.fml.common.discovery.ContainerType.findMods(ContainerType.java:47) [ContainerType.class:?]
	at net.minecraftforge.fml.common.discovery.ModCandidate.explore(ModCandidate.java:74) [ModCandidate.class:?]
	at net.minecraftforge.fml.common.discovery.ModDiscoverer.identifyMods(ModDiscoverer.java:93) [ModDiscoverer.class:?]
	at net.minecraftforge.fml.common.Loader.identifyMods(Loader.java:427) [Loader.class:?]
	at net.minecraftforge.fml.common.Loader.loadMods(Loader.java:568) [Loader.class:?]
	at net.minecraftforge.fml.server.FMLServerHandler.beginServerLoading(FMLServerHandler.java:98) [FMLServerHandler.class:?]
	at net.minecraftforge.fml.common.FMLCommonHandler.onServerStart(FMLCommonHandler.java:333) [FMLCommonHandler.class:?]
	at net.minecraft.server.dedicated.DedicatedServer.func_71197_b(DedicatedServer.java:125) [nz.class:?]
	at net.minecraft.server.MinecraftServer.run(MinecraftServer.java:486) [MinecraftServer.class:?]
	at java.lang.Thread.run(Thread.java:750) [?:1.8.0_482]
Caused by: java.lang.IllegalArgumentException
	at org.objectweb.asm.ClassReader.<init>(ClassReader.java:185) ~[asm-debug-all-5.2.jar:5.2]
	at org.objectweb.asm.ClassReader.<init>(ClassReader.java:168) ~[asm-debug-all-5.2.jar:5.2]
	at org.objectweb.asm.ClassReader.<init>(ClassReader.java:439) ~[asm-debug-all-5.2.jar:5.2]
	at net.minecraftforge.fml.common.discovery.asm.ASMModParser.<init>(ASMModParser.java:57) ~[ASMModParser.class:?]
	... 12 more
[21:58:17] [Server thread/WARN] [FML]: Zip file tl_skin_cape_forge_1.21.1-1.38.jar failed to read properly, it will be ignored
net.minecraftforge.fml.common.LoaderException: java.lang.IllegalArgumentException

	at net.minecraftforge.fml.common.discovery.asm.ASMModParser.<init>(ASMModParser.java:63) ~[ASMModParser.class:?]
	at net.minecraftforge.fml.common.discovery.JarDiscoverer.findClassesASM(JarDiscoverer.java:102) ~[JarDiscoverer.class:?]
	at net.minecraftforge.fml.common.discovery.JarDiscoverer.discover(JarDiscoverer.java:77) [JarDiscoverer.class:?]
	at net.minecraftforge.fml.common.discovery.ContainerType.findMods(ContainerType.java:47) [ContainerType.class:?]
	at net.minecraftforge.fml.common.discovery.ModCandidate.explore(ModCandidate.java:74) [ModCandidate.class:?]
	at net.minecraftforge.fml.common.discovery.ModDiscoverer.identifyMods(ModDiscoverer.java:93) [ModDiscoverer.class:?]
	at net.minecraftforge.fml.common.Loader.identifyMods(Loader.java:427) [Loader.class:?]
	at net.minecraftforge.fml.common.Loader.loadMods(Loader.java:568) [Loader.class:?]
	at net.minecraftforge.fml.server.FMLServerHandler.beginServerLoading(FMLServerHandler.java:98) [FMLServerHandler.class:?]
	at net.minecraftforge.fml.common.FMLCommonHandler.onServerStart(FMLCommonHandler.java:333) [FMLCommonHandler.class:?]
	at net.minecraft.server.dedicated.DedicatedServer.func_71197_b(DedicatedServer.java:125) [nz.class:?]
	at net.minecraft.server.MinecraftServer.run(MinecraftServer.java:486) [MinecraftServer.class:?]
	at java.lang.Thread.run(Thread.java:750) [?:1.8.0_482]
Caused by: java.lang.IllegalArgumentException
	at org.objectweb.asm.ClassReader.<init>(ClassReader.java:185) ~[asm-debug-all-5.2.jar:5.2]
	at org.objectweb.asm.ClassReader.<init>(ClassReader.java:168) ~[asm-debug-all-5.2.jar:5.2]
	at org.objectweb.asm.ClassReader.<init>(ClassReader.java:439) ~[asm-debug-all-5.2.jar:5.2]
	at net.minecraftforge.fml.common.discovery.asm.ASMModParser.<init>(ASMModParser.java:57) ~[ASMModParser.class:?]
	... 12 more
[21:58:17] [Server thread/ERROR] [FML]: Unable to read a class file correctly
java.lang.IllegalArgumentException: null
	at org.objectweb.asm.ClassReader.<init>(ClassReader.java:185) ~[asm-debug-all-5.2.jar:5.2]
	at org.objectweb.asm.ClassReader.<init>(ClassReader.java:168) ~[asm-debug-all-5.2.jar:5.2]
	at org.objectweb.asm.ClassReader.<init>(ClassReader.java:439) ~[asm-debug-all-5.2.jar:5.2]
	at net.minecraftforge.fml.common.discovery.asm.ASMModParser.<init>(ASMModParser.java:57) [ASMModParser.class:?]
	at net.minecraftforge.fml.common.discovery.JarDiscoverer.findClassesASM(JarDiscoverer.java:102) [JarDiscoverer.class:?]
	at net.minecraftforge.fml.common.discovery.JarDiscoverer.discover(JarDiscoverer.java:77) [JarDiscoverer.class:?]
	at net.minecraftforge.fml.common.discovery.ContainerType.findMods(ContainerType.java:47) [ContainerType.class:?]
	at net.minecraftforge.fml.common.discovery.ModCandidate.explore(ModCandidate.java:74) [ModCandidate.class:?]
	at net.minecraftforge.fml.common.discovery.ModDiscoverer.identifyMods(ModDiscoverer.java:93) [ModDiscoverer.class:?]
	at net.minecraftforge.fml.common.Loader.identifyMods(Loader.java:427) [Loader.class:?]
	at net.minecraftforge.fml.common.Loader.loadMods(Loader.java:568) [Loader.class:?]
	at net.minecraftforge.fml.server.FMLServerHandler.beginServerLoading(FMLServerHandler.java:98) [FMLServerHandler.class:?]
	at net.minecraftforge.fml.common.FMLCommonHandler.onServerStart(FMLCommonHandler.java:333) [FMLCommonHandler.class:?]
	at net.minecraft.server.dedicated.DedicatedServer.func_71197_b(DedicatedServer.java:125) [nz.class:?]
	at net.minecraft.server.MinecraftServer.run(MinecraftServer.java:486) [MinecraftServer.class:?]
	at java.lang.Thread.run(Thread.java:750) [?:1.8.0_482]
[21:58:17] [Server thread/ERROR] [FML]: There was a problem reading the entry com/talhanation/workers/AttributeEvent.class in the jar ./mods/workers-1.20.1-1.7.9.1.jar - probably a corrupt zip
net.minecraftforge.fml.common.LoaderException: java.lang.IllegalArgumentException

	at net.minecraftforge.fml.common.discovery.asm.ASMModParser.<init>(ASMModParser.java:63) ~[ASMModParser.class:?]
	at net.minecraftforge.fml.common.discovery.JarDiscoverer.findClassesASM(JarDiscoverer.java:102) [JarDiscoverer.class:?]
	at net.minecraftforge.fml.common.discovery.JarDiscoverer.discover(JarDiscoverer.java:77) [JarDiscoverer.class:?]
	at net.minecraftforge.fml.common.discovery.ContainerType.findMods(ContainerType.java:47) [ContainerType.class:?]
	at net.minecraftforge.fml.common.discovery.ModCandidate.explore(ModCandidate.java:74) [ModCandidate.class:?]
	at net.minecraftforge.fml.common.discovery.ModDiscoverer.identifyMods(ModDiscoverer.java:93) [ModDiscoverer.class:?]
	at net.minecraftforge.fml.common.Loader.identifyMods(Loader.java:427) [Loader.class:?]
	at net.minecraftforge.fml.common.Loader.loadMods(Loader.java:568) [Loader.class:?]
	at net.minecraftforge.fml.server.FMLServerHandler.beginServerLoading(FMLServerHandler.java:98) [FMLServerHandler.class:?]
	at net.minecraftforge.fml.common.FMLCommonHandler.onServerStart(FMLCommonHandler.java:333) [FMLCommonHandler.class:?]
	at net.minecraft.server.dedicated.DedicatedServer.func_71197_b(DedicatedServer.java:125) [nz.class:?]
	at net.minecraft.server.MinecraftServer.run(MinecraftServer.java:486) [MinecraftServer.class:?]
	at java.lang.Thread.run(Thread.java:750) [?:1.8.0_482]
Caused by: java.lang.IllegalArgumentException
	at org.objectweb.asm.ClassReader.<init>(ClassReader.java:185) ~[asm-debug-all-5.2.jar:5.2]
	at org.objectweb.asm.ClassReader.<init>(ClassReader.java:168) ~[asm-debug-all-5.2.jar:5.2]
	at org.objectweb.asm.ClassReader.<init>(ClassReader.java:439) ~[asm-debug-all-5.2.jar:5.2]
	at net.minecraftforge.fml.common.discovery.asm.ASMModParser.<init>(ASMModParser.java:57) ~[ASMModParser.class:?]
	... 12 more
[21:58:17] [Server thread/WARN] [FML]: Zip file workers-1.20.1-1.7.9.1.jar failed to read properly, it will be ignored
net.minecraftforge.fml.common.LoaderException: java.lang.IllegalArgumentException

	at net.minecraftforge.fml.common.discovery.asm.ASMModParser.<init>(ASMModParser.java:63) ~[ASMModParser.class:?]
	at net.minecraftforge.fml.common.discovery.JarDiscoverer.findClassesASM(JarDiscoverer.java:102) ~[JarDiscoverer.class:?]
	at net.minecraftforge.fml.common.discovery.JarDiscoverer.discover(JarDiscoverer.java:77) [JarDiscoverer.class:?]
	at net.minecraftforge.fml.common.discovery.ContainerType.findMods(ContainerType.java:47) [ContainerType.class:?]
	at net.minecraftforge.fml.common.discovery.ModCandidate.explore(ModCandidate.java:74) [ModCandidate.class:?]
	at net.minecraftforge.fml.common.discovery.ModDiscoverer.identifyMods(ModDiscoverer.java:93) [ModDiscoverer.class:?]
	at net.minecraftforge.fml.common.Loader.identifyMods(Loader.java:427) [Loader.class:?]
	at net.minecraftforge.fml.common.Loader.loadMods(Loader.java:568) [Loader.class:?]
	at net.minecraftforge.fml.server.FMLServerHandler.beginServerLoading(FMLServerHandler.java:98) [FMLServerHandler.class:?]
	at net.minecraftforge.fml.common.FMLCommonHandler.onServerStart(FMLCommonHandler.java:333) [FMLCommonHandler.class:?]
	at net.minecraft.server.dedicated.DedicatedServer.func_71197_b(DedicatedServer.java:125) [nz.class:?]
	at net.minecraft.server.MinecraftServer.run(MinecraftServer.java:486) [MinecraftServer.class:?]
	at java.lang.Thread.run(Thread.java:750) [?:1.8.0_482]
Caused by: java.lang.IllegalArgumentException
	at org.objectweb.asm.ClassReader.<init>(ClassReader.java:185) ~[asm-debug-all-5.2.jar:5.2]
	at org.objectweb.asm.ClassReader.<init>(ClassReader.java:168) ~[asm-debug-all-5.2.jar:5.2]
	at org.objectweb.asm.ClassReader.<init>(ClassReader.java:439) ~[asm-debug-all-5.2.jar:5.2]
	at net.minecraftforge.fml.common.discovery.asm.ASMModParser.<init>(ASMModParser.java:57) ~[ASMModParser.class:?]
	... 12 more
[21:58:17] [Server thread/WARN] [FML]: Mod xaerolib is missing the required element 'version' and a version.properties file could not be found. Falling back to metadata version 1.0.44
[21:58:17] [Server thread/WARN] [FML]: Mod xaerominimap is missing the required element 'version' and a version.properties file could not be found. Falling back to metadata version 25.3.5
[21:58:17] [Server thread/INFO] [FML]: Forge Mod Loader has identified 58 mods to load
[21:58:17] [Server thread/INFO] [FML]: Found mod(s) [futuremc] containing declared API package vazkii.quark.api (owned by quark) without associated API reference
[21:58:17] [Server thread/WARN] [FML]: Missing English translation for FML: assets/fml/lang/en_us.lang
[21:58:17] [Server thread/WARN] [FML]: Missing English translation for bettermineshafts: assets/bettermineshafts/lang/en_us.lang
[21:58:17] [Server thread/WARN] [FML]: Missing English translation for cat: assets/cat/lang/en_us.lang
[21:58:17] [Server thread/WARN] [FML]: Missing English translation for dldungeonsjbg: assets/dldungeonsjbg/lang/en_us.lang
[21:58:17] [Server thread/WARN] [FML]: Missing English translation for forgelin: assets/forgelin/lang/en_us.lang
[21:58:17] [Server thread/WARN] [FML]: Missing English translation for gottschcore: assets/gottschcore/lang/en_us.lang
[21:58:17] [Server thread/WARN] [FML]: Missing English translation for mantle: assets/mantle/lang/en_us.lang
[21:58:17] [Server thread/WARN] [FML]: Missing English translation for srptweaks: assets/srptweaks/lang/en_us.lang
[21:58:17] [Server thread/WARN] [FML]: Missing English translation for tbintegration: assets/tbintegration/lang/en_us.lang
[21:58:17] [Server thread/INFO] [FML]: FML has found a non-mod file BetterAdvancements-1.12.2-0.1.0.77.jar in your mods directory. It will now be injected into your classpath. This could severe stability issues, it should be removed if possible.
[21:58:17] [Server thread/INFO] [FML]: FML has found a non-mod file fabric-api-0.141.3+1.21.11.jar in your mods directory. It will now be injected into your classpath. This could severe stability issues, it should be removed if possible.
[21:58:17] [Server thread/INFO] [FML]: FML has found a non-mod file just-enough-harvestcraft-1.12.2-1.7.2.jar in your mods directory. It will now be injected into your classpath. This could severe stability issues, it should be removed if possible.
[21:58:17] [Server thread/INFO] [FML]: FML has found a non-mod file JustEnoughResources-1.12.2-0.9.3.203.jar in your mods directory. It will now be injected into your classpath. This could severe stability issues, it should be removed if possible.
[21:58:17] [Server thread/INFO] [FML]: FML has found a non-mod file lithium-fabric-0.21.2+mc1.21.11.jar in your mods directory. It will now be injected into your classpath. This could severe stability issues, it should be removed if possible.
[21:58:17] [Server thread/INFO] [FML]: FML has found a non-mod file Neat 1.4-17.jar in your mods directory. It will now be injected into your classpath. This could severe stability issues, it should be removed if possible.
[21:58:17] [Server thread/INFO] [FML]: FML has found a non-mod file NetherEx-fabric-1.21.4-1.2.3.jar in your mods directory. It will now be injected into your classpath. This could severe stability issues, it should be removed if possible.
[21:58:17] [Server thread/INFO] [FML]: FML has found a non-mod file overloadedarmorbar-1.0.4g.jar in your mods directory. It will now be injected into your classpath. This could severe stability issues, it should be removed if possible.
[21:58:17] [Server thread/INFO] [FML]: FML has found a non-mod file sodium-neoforge-0.8.4+mc1.21.11.jar in your mods directory. It will now be injected into your classpath. This could severe stability issues, it should be removed if possible.
[21:58:17] [Server thread/INFO] [FML]: FML has found a non-mod file tl_skin_cape_forge_1.21.1-1.38.jar in your mods directory. It will now be injected into your classpath. This could severe stability issues, it should be removed if possible.
[21:58:17] [Server thread/INFO] [FML]: FML has found a non-mod file workers-1.20.1-1.7.9.1.jar in your mods directory. It will now be injected into your classpath. This could severe stability issues, it should be removed if possible.
[21:58:17] [Server thread/ERROR] [mixin]: Mixin config mixins.hermitsarsenal.late.json does not specify "minVersion" property
[21:58:17] [Server thread/ERROR] [mixin]: Mixin config mixins.nocubesrptweaks.mods.json does not specify "minVersion" property
[21:58:17] [Server thread/WARN] [mixin]: Error loading class: com/existingeevee/nocubesrptweaks/entities/EntityWormToothKnifeReplacement$Renderer (net.minecraftforge.fml.common.asm.ASMTransformerWrapper$TransformerException: Exception in class transformer net.minecraftforge.fml.common.asm.transformers.SideTransformer@49aa766b from coremod FMLCorePlugin)
[21:58:17] [Server thread/ERROR] [mixin]: Mixin config mixins.srptweaks.late.json does not specify "minVersion" property
[21:58:18] [Server thread/INFO] [FML]: Attempting connection with missing mods [minecraft, mcp, FML, forge, ivtoolkit, xaerolib_core, xaerominimap_core, obfuscate, techguns_core, securitycraft, appliedenergistics2, atlaslib, baubles, bhc, bedfix, bettermineshafts, bloodmoon, bookshelf, bountifulbaubles, cat, corpse, dldungeonsjbg, dungeons2, eplus, forgelin, futuremc, futurefireproof, gottschcore, cgm, hermitsarsenal, jei, jee, mantle, morearmor, nocubessrparmory, nocubessrpnests, nocubessrpsurvival, nocubesrptweaks, overlast, harvestcraft, reccomplex, additionalstructures, roguelike, spartannetherite, spartanshields, spartanweaponry, srmonstress, srparasites, srpmeshi, srptweaks, swparasites, techguns, hordes, travelersbackpack, tbintegration, vehicle, xaerolib, xaerominimap] at CLIENT
[21:58:18] [Server thread/INFO] [FML]: Attempting connection with missing mods [minecraft, mcp, FML, forge, ivtoolkit, xaerolib_core, xaerominimap_core, obfuscate, techguns_core, securitycraft, appliedenergistics2, atlaslib, baubles, bhc, bedfix, bettermineshafts, bloodmoon, bookshelf, bountifulbaubles, cat, corpse, dldungeonsjbg, dungeons2, eplus, forgelin, futuremc, futurefireproof, gottschcore, cgm, hermitsarsenal, jei, jee, mantle, morearmor, nocubessrparmory, nocubessrpnests, nocubessrpsurvival, nocubesrptweaks, overlast, harvestcraft, reccomplex, additionalstructures, roguelike, spartannetherite, spartanshields, spartanweaponry, srmonstress, srparasites, srpmeshi, srptweaks, swparasites, techguns, hordes, travelersbackpack, tbintegration, vehicle, xaerolib, xaerominimap] at SERVER
[21:58:18] [Server thread/ERROR] [FML]: The mod appliedenergistics2 is expecting signature dfa4d3ac143316c6f32aa1a1beda1e34d42132e5 for source appliedenergistics2-rv6-stable-7.jar, however there is no signature matching that description
[21:58:19] [Server thread/INFO] [STDOUT]: [xaero.common.core.transformer.ClassNodeTransformer:transform:29]: Transforming class axw net.minecraft.world.chunk.Chunk
[21:58:20] [Server thread/INFO] [xaero.lib.XaeroLib]: Registering common data for channel xaerolib:main!
[21:58:20] [Server thread/INFO] [xaero.lib.XaeroLib]: Loading primary common config for channel xaerolib:main!
[21:58:20] [Server thread/INFO] [xaero.lib.XaeroLib]: Loading server config profiles for channel xaerolib:main!
[21:58:20] [Server thread/INFO] [FML]: Processing ObjectHolder annotations
[21:58:21] [Server thread/INFO] [FML]: Found 1736 ObjectHolder annotations
[21:58:21] [Server thread/INFO] [FML]: Identifying ItemStackHolder annotations
[21:58:21] [Server thread/INFO] [FML]: Found 0 ItemStackHolder annotations
[21:58:21] [Server thread/INFO] [FML]: Configured a dormant chunk cache size of 0
[21:58:21] [Forge Version Check/INFO] [forge.VersionCheck]: [techguns] Starting version check at https://raw.githubusercontent.com/pWn3d1337/Techguns2/master/update.json
[21:58:21] [Server thread/INFO] [Obfuscate]: Successfully injected SyncedPlayerData capability
[21:58:22] [Forge Version Check/INFO] [forge.VersionCheck]: [techguns] Found status: AHEAD Target: null
[21:58:22] [Forge Version Check/INFO] [forge.VersionCheck]: [bhc] Starting version check at https://raw.githubusercontent.com/EmoKiba/Baubley-Heart-Canisters/master/versions.json
[21:58:22] [Forge Version Check/INFO] [forge.VersionCheck]: [forge] Starting version check at http://files.minecraftforge.net/maven/net/minecraftforge/forge/promotions_slim.json
[21:58:22] [Server thread/INFO] [AE2:S]: Pre Initialization ( started )
[21:58:22] [Forge Version Check/INFO] [forge.VersionCheck]: [forge] Found status: OUTDATED Target: 14.23.5.2864
[21:58:22] [Forge Version Check/INFO] [forge.VersionCheck]: [gottschcore] Starting version check at https://raw.githubusercontent.com/gottsch/gottsch-minecraft-GottschCore/1.12.2-master/update.json
[21:58:22] [Forge Version Check/INFO] [forge.VersionCheck]: [gottschcore] Found status: AHEAD Target: null
[21:58:22] [Forge Version Check/INFO] [forge.VersionCheck]: [dungeons2] Starting version check at https://raw.githubusercontent.com/gottsch/gottsch-minecraft-Dungeons2/1.12.2-master/update.json
[21:58:22] [Forge Version Check/INFO] [forge.VersionCheck]: [dungeons2] Found status: UP_TO_DATE Target: null
[21:58:22] [Forge Version Check/INFO] [forge.VersionCheck]: [securitycraft] Starting version check at https://www.github.com/Geforce132/SecurityCraft/raw/master/Updates/Forge.json
[21:58:22] [Forge Version Check/INFO] [forge.VersionCheck]: [securitycraft] Found status: UP_TO_DATE Target: null
[21:58:22] [Forge Version Check/INFO] [forge.VersionCheck]: [tbintegration] Starting version check at https://gist.githubusercontent.com/Tiviacz1337/48466aa9fc9b7cc9b7311b46b36b43f5/raw
[21:58:22] [Forge Version Check/INFO] [forge.VersionCheck]: [tbintegration] Found status: AHEAD Target: null
[21:58:22] [Forge Version Check/INFO] [forge.VersionCheck]: [corpse] Starting version check at https://maxhenkel.de/update/corpse.json
[21:58:23] [Server thread/INFO] [AE2:S]: Starting AE2 VersionChecker
[21:58:23] [Server thread/INFO] [AE2:S]: Pre Initialization ( ended after 1251ms )
[21:58:23] [AE2 VersionChecker/INFO] [AE2:S]: Last check was just recently.
[21:58:23] [AE2 VersionChecker/INFO] [AE2:S]: Stopping AE2 VersionChecker
[21:58:23] [Server thread/INFO] [bhc]: Pre-Initialization finished.
[21:58:23] [Forge Version Check/INFO] [forge.VersionCheck]: [corpse] Found status: UP_TO_DATE Target: null
[21:58:23] [Forge Version Check/INFO] [forge.VersionCheck]: [travelersbackpack] Starting version check at https://gist.githubusercontent.com/Tiviacz1337/906937677aa472285dff9d6c2a189d5e/raw
[21:58:23] [Forge Version Check/INFO] [forge.VersionCheck]: [travelersbackpack] Found status: AHEAD Target: null
[21:58:23] [Server thread/INFO] [hordes]: Trying to load config
[21:58:23] [Server thread/INFO] [DLDUNGEONS]: Doomlike Dungeons is in preInit, should now load config.
[21:58:23] [Server thread/INFO] [DLDUNGEONS]: themesdir is /workspaces/anzu/servidor_minecraft/config/DLDungeonsJBG
[21:58:23] [Server thread/INFO] [DLDUNGEONS]: Frequency Scaling Factor Set To: 8
[21:58:23] [Server thread/INFO] [DLDUNGEONS]: Minimum X Factor Set To: 16
[21:58:23] [Server thread/INFO] [DLDUNGEONS]: Difficulty set to: Normal difficulty.
[21:58:23] [Server thread/INFO] [DLDUNGEONS]: Will spawn dungeons in with world generation? true
[21:58:23] [Server thread/INFO] [DLDUNGEONS]: Will spawn dungeons even with structures disabled? false
[21:58:23] [Server thread/INFO] [DLDUNGEONS]: Will export item, block, and mob lists? false
[21:58:23] [Server thread/INFO] [DLDUNGEONS]: Will announce use of OP/cheat commands? true
[21:58:23] [Server thread/INFO] [DLDUNGEONS]: Will dungeons be easy to find? true
[21:58:23] [Server thread/INFO] [DLDUNGEONS]: Hub room (entrances and boss rooms) will have high ceiling? false
[21:58:23] [Server thread/INFO] [DLDUNGEONS]: All dungeon will be huge? false
[21:58:23] [Server thread/INFO] [DLDUNGEONS]: Will dungeon all have single entrances? true
[21:58:23] [Server thread/INFO] [DLDUNGEONS]: Will themes be automatically install if themes folder is empty? true
[21:58:23] [Server thread/INFO] [DLDUNGEONS]: Can themes be (re)installed by command? true
[21:58:23] [Server thread/INFO] [DLDUNGEONS]: adding END to excusion list
[21:58:23] [Server thread/INFO] [DLDUNGEONS]: Will use API? true
[21:58:23] [Server thread/INFO] [DLDUNGEONS]: Will allow API base mob change? true
[21:58:23] [Server thread/INFO] [DLDUNGEONS]: Will self-profile? false
[21:58:23] [Server thread/INFO] [DLDUNGEONS]: themesdir will be set to /workspaces/anzu/servidor_minecraft/config/DLDungeonsJBG/themes/
[21:58:23] [Server thread/INFO] [DLDUNGEONS]: themesdir File is be set to /workspaces/anzu/servidor_minecraft/config/DLDungeonsJBG/themes
[21:58:23] [Server thread/INFO] [DLDUNGEONS]: themesdir is /workspaces/anzu/servidor_minecraft/config/DLDungeonsJBG/themes
[21:58:23] [Server thread/INFO] [STDOUT]: [jaredbgreat.dldungeons.setup.Externalizer:makeChestCfg:206]: [DLDUNGEONS] Installing files /workspaces/anzu/servidor_minecraft/config/DLDungeonsJBG/chests.cfg
[21:58:23] [Server thread/INFO] [DLDUNGEONS]: Config should now be loaded.
[21:58:24] [Server thread/INFO] [Future Fireproof]: Starting Future Fireproof
[21:58:24] [Server thread/WARN] [net.minecraft.network.datasync.EntityDataManager]: defineId called for: class net.minecraft.entity.player.EntityPlayer from class com.mrcrayfish.guns.event.CommonEvents
[21:58:24] [Server thread/WARN] [net.minecraft.network.datasync.EntityDataManager]: defineId called for: class net.minecraft.entity.player.EntityPlayer from class com.mrcrayfish.guns.event.CommonEvents
[21:58:24] [Server thread/INFO] [STDOUT]: [xaero.common.core.transformer.ClassNodeTransformer:transform:29]: Transforming class net.minecraft.server.MinecraftServer net.minecraft.server.MinecraftServer
[21:58:24] [Server thread/INFO] [srparasites]: [MOD COMPATIBILITY] Checked for 2 mods that may be in the list that need patches or alternative code
[21:58:25] [Server thread/WARN] [FML]: Potentially Dangerous alternative prefix `minecraft` for name `apple`, expected `harvestcraft`. This could be a intended override, but in most cases indicates a broken mod.
[21:58:25] [Server thread/WARN] [FML]: Potentially Dangerous alternative prefix `minecraft` for name `wheat`, expected `harvestcraft`. This could be a intended override, but in most cases indicates a broken mod.
[21:58:25] [Server thread/WARN] [FML]: Potentially Dangerous alternative prefix `minecraft` for name `potato`, expected `harvestcraft`. This could be a intended override, but in most cases indicates a broken mod.
[21:58:25] [Server thread/WARN] [FML]: Potentially Dangerous alternative prefix `minecraft` for name `carrot`, expected `harvestcraft`. This could be a intended override, but in most cases indicates a broken mod.
[21:58:25] [Server thread/WARN] [FML]: Potentially Dangerous alternative prefix `minecraft` for name `beetroot`, expected `harvestcraft`. This could be a intended override, but in most cases indicates a broken mod.
[21:58:25] [Server thread/WARN] [FML]: Potentially Dangerous alternative prefix `minecraft` for name `melon`, expected `harvestcraft`. This could be a intended override, but in most cases indicates a broken mod.
[21:58:25] [Server thread/WARN] [FML]: Potentially Dangerous alternative prefix `minecraft` for name `beef`, expected `harvestcraft`. This could be a intended override, but in most cases indicates a broken mod.
[21:58:25] [Server thread/WARN] [FML]: Potentially Dangerous alternative prefix `minecraft` for name `cooked_beef`, expected `harvestcraft`. This could be a intended override, but in most cases indicates a broken mod.
[21:58:25] [Server thread/WARN] [FML]: Potentially Dangerous alternative prefix `minecraft` for name `chicken`, expected `harvestcraft`. This could be a intended override, but in most cases indicates a broken mod.
[21:58:25] [Server thread/WARN] [FML]: Potentially Dangerous alternative prefix `minecraft` for name `cooked_chicken`, expected `harvestcraft`. This could be a intended override, but in most cases indicates a broken mod.
[21:58:25] [Server thread/WARN] [FML]: Potentially Dangerous alternative prefix `minecraft` for name `porkchop`, expected `harvestcraft`. This could be a intended override, but in most cases indicates a broken mod.
[21:58:25] [Server thread/WARN] [FML]: Potentially Dangerous alternative prefix `minecraft` for name `cooked_porkchop`, expected `harvestcraft`. This could be a intended override, but in most cases indicates a broken mod.
[21:58:25] [Server thread/WARN] [FML]: Potentially Dangerous alternative prefix `minecraft` for name `rabbit`, expected `harvestcraft`. This could be a intended override, but in most cases indicates a broken mod.
[21:58:25] [Server thread/WARN] [FML]: Potentially Dangerous alternative prefix `minecraft` for name `cooked_rabbit`, expected `harvestcraft`. This could be a intended override, but in most cases indicates a broken mod.
[21:58:25] [Server thread/WARN] [FML]: Potentially Dangerous alternative prefix `minecraft` for name `mutton`, expected `harvestcraft`. This could be a intended override, but in most cases indicates a broken mod.
[21:58:25] [Server thread/WARN] [FML]: Potentially Dangerous alternative prefix `minecraft` for name `cooked_mutton`, expected `harvestcraft`. This could be a intended override, but in most cases indicates a broken mod.
[21:58:25] [Server thread/WARN] [FML]: Potentially Dangerous alternative prefix `minecraft` for name `cod`, expected `harvestcraft`. This could be a intended override, but in most cases indicates a broken mod.
[21:58:25] [Server thread/WARN] [FML]: Potentially Dangerous alternative prefix `minecraft` for name `cooked_cod`, expected `harvestcraft`. This could be a intended override, but in most cases indicates a broken mod.
[21:58:25] [Server thread/WARN] [FML]: Potentially Dangerous alternative prefix `minecraft` for name `salmon`, expected `harvestcraft`. This could be a intended override, but in most cases indicates a broken mod.
[21:58:25] [Server thread/WARN] [FML]: Potentially Dangerous alternative prefix `minecraft` for name `cooked_salmon`, expected `harvestcraft`. This could be a intended override, but in most cases indicates a broken mod.
[21:58:25] [Server thread/WARN] [FML]: Potentially Dangerous alternative prefix `minecraft` for name `clownfish`, expected `harvestcraft`. This could be a intended override, but in most cases indicates a broken mod.
[21:58:25] [Server thread/WARN] [FML]: Potentially Dangerous alternative prefix `minecraft` for name `pufferfish`, expected `harvestcraft`. This could be a intended override, but in most cases indicates a broken mod.
[21:58:25] [Server thread/WARN] [FML]: Potentially Dangerous alternative prefix `minecraft` for name `mushroom_stew`, expected `harvestcraft`. This could be a intended override, but in most cases indicates a broken mod.
[21:58:25] [Server thread/WARN] [FML]: Potentially Dangerous alternative prefix `minecraft` for name `bread`, expected `harvestcraft`. This could be a intended override, but in most cases indicates a broken mod.
[21:58:25] [Server thread/WARN] [FML]: Potentially Dangerous alternative prefix `minecraft` for name `cookie`, expected `harvestcraft`. This could be a intended override, but in most cases indicates a broken mod.
[21:58:25] [Server thread/WARN] [FML]: Potentially Dangerous alternative prefix `minecraft` for name `baked_potato`, expected `harvestcraft`. This could be a intended override, but in most cases indicates a broken mod.
[21:58:25] [Server thread/WARN] [FML]: Potentially Dangerous alternative prefix `minecraft` for name `pumpkin_pie`, expected `harvestcraft`. This could be a intended override, but in most cases indicates a broken mod.
[21:58:25] [Server thread/WARN] [FML]: Potentially Dangerous alternative prefix `minecraft` for name `rabbit_stew`, expected `harvestcraft`. This could be a intended override, but in most cases indicates a broken mod.
[21:58:25] [Server thread/WARN] [FML]: Potentially Dangerous alternative prefix `minecraft` for name `beetroot_soup`, expected `harvestcraft`. This could be a intended override, but in most cases indicates a broken mod.
[21:58:25] [Server thread/WARN] [FML]: Potentially Dangerous alternative prefix `minecraft` for name `rcstructuregenerator`, expected `reccomplex`. This could be a intended override, but in most cases indicates a broken mod.
[21:58:25] [Server thread/WARN] [FML]: Potentially Dangerous alternative prefix `minecraft` for name `rcmazegenerator`, expected `reccomplex`. This could be a intended override, but in most cases indicates a broken mod.
[21:58:25] [Server thread/WARN] [FML]: Potentially Dangerous alternative prefix `minecraft` for name `rcspawncommand`, expected `reccomplex`. This could be a intended override, but in most cases indicates a broken mod.
[21:58:25] [Server thread/WARN] [FML]: Potentially Dangerous alternative prefix `minecraft` for name `rcspawnscript`, expected `reccomplex`. This could be a intended override, but in most cases indicates a broken mod.
[21:58:25] [Server thread/INFO] [STDOUT]: [xxrexraptorxx.additionalstructures.proxy.CommonProxy:preInit:34]: Mystcraft not found - integration not active
[21:58:25] [Server thread/INFO] [Spartan Shields]: Starting up Spartan Shields!
[21:58:25] [Server thread/INFO] [Spartan Weaponry]: Starting up Spartan Weaponry!
[21:58:25] [Server thread/INFO] [Spartan Weaponry]: API: Loaded internal method handler. API functionality should work now!
[21:58:25] [Server thread/INFO] [Spartan Weaponry]: Defined config version: 2.0 - Loaded config version: 2.0
[21:58:25] [Server thread/INFO] [spartannetherite]: Starting Spartan Netherite.
[21:58:25] [Server thread/INFO] [travelersbackpack]: Registered the class com.tiviacz.travelersbackpack.fluids.effects.EffectWater as a FluidEffect for water with the ID 0
[21:58:25] [Server thread/INFO] [travelersbackpack]: Registered the class com.tiviacz.travelersbackpack.fluids.effects.EffectLava as a FluidEffect for lava with the ID 1
[21:58:25] [Server thread/INFO] [travelersbackpack]: Registered the class com.tiviacz.travelersbackpack.fluids.effects.EffectMilk as a FluidEffect for milk with the ID 2
[21:58:25] [Server thread/INFO] [travelersbackpack]: Registered the class com.tiviacz.travelersbackpack.fluids.effects.EffectPotion as a FluidEffect for potion with the ID 3
[21:58:25] [Server thread/INFO] [travelersbackpack]: Starting the Integration Handler.
[21:58:25] [Server thread/INFO] [travelersbackpack]: Found 2 possible mod integration(s)!
[21:58:25] [Server thread/INFO] [xaero.common.HudMod]: Registering common data for channel xaerominimap:main!
[21:58:26] [Server thread/INFO] [xaero.common.HudMod]: Loading primary common config for channel xaerominimap:main!
[21:58:26] [Server thread/INFO] [xaero.common.HudMod]: Loading server config profiles for channel xaerominimap:main!
[21:58:26] [Server thread/WARN] [FML]: Potentially Dangerous alternative prefix `treasure2` for name `deferred_dungeon_generator_te`, expected `dungeons2`. This could be a intended override, but in most cases indicates a broken mod.
[21:58:26] [Server thread/WARN] [FML]: Potentially Dangerous alternative prefix `minecraft` for name `eplus.advanced.table`, expected `eplus`. This could be a intended override, but in most cases indicates a broken mod.
[21:58:26] [Server thread/WARN] [FML]: Potentially Dangerous alternative prefix `minecraft` for name `eplus.decorative.book`, expected `eplus`. This could be a intended override, but in most cases indicates a broken mod.
[21:58:26] [Server thread/INFO] [FML]: Applying holder lookups
[21:58:26] [Server thread/INFO] [FML]: Holder lookups applied
[21:58:26] [Server thread/INFO] [bhc]: Registering Items to the OreDictionary...
[21:58:26] [Server thread/INFO] [STDOUT]: [xaero.common.core.transformer.ClassNodeTransformer:transform:29]: Transforming class brs net.minecraft.client.model.ModelRenderer
[21:58:26] [Server thread/INFO] [Spartan Shields]: Items Registered!
[21:58:27] [Server thread/INFO] [Spartan Weaponry]: Registering 10 modded material based weapons
[21:58:27] [Server thread/INFO] [Spartan Weaponry]: Adding weapons for materials: Copper, Tin, Bronze, Steel, Silver, Invar, Platinum, Electrum, Nickel, Lead
[21:58:27] [Server thread/INFO] [Spartan Weaponry]: Items Registered!
[21:58:27] [Server thread/WARN] [FML]: Potentially Dangerous alternative prefix `srparasites` for name `coth`, expected `srpmeshi`. This could be a intended override, but in most cases indicates a broken mod.
[21:58:27] [Server thread/WARN] [FML]: Potentially Dangerous alternative prefix `srparasites` for name `fear`, expected `srpmeshi`. This could be a intended override, but in most cases indicates a broken mod.
[21:58:27] [Server thread/WARN] [FML]: Potentially Dangerous alternative prefix `srparasites` for name `antimall`, expected `srpmeshi`. This could be a intended override, but in most cases indicates a broken mod.
[21:58:27] [Server thread/WARN] [FML]: Potentially Dangerous alternative prefix `srparasites` for name `bleed`, expected `srpmeshi`. This could be a intended override, but in most cases indicates a broken mod.
[21:58:27] [Server thread/WARN] [FML]: Potentially Dangerous alternative prefix `srparasites` for name `corrosive`, expected `srpmeshi`. This could be a intended override, but in most cases indicates a broken mod.
[21:58:27] [Server thread/WARN] [FML]: Potentially Dangerous alternative prefix `srparasites` for name `viral`, expected `srpmeshi`. This could be a intended override, but in most cases indicates a broken mod.
[21:58:27] [Server thread/WARN] [FML]: Potentially Dangerous alternative prefix `srparasites` for name `rage`, expected `srpmeshi`. This could be a intended override, but in most cases indicates a broken mod.
[21:58:27] [Server thread/WARN] [FML]: Potentially Dangerous alternative prefix `srparasites` for name `repel`, expected `srpmeshi`. This could be a intended override, but in most cases indicates a broken mod.
[21:58:27] [Server thread/WARN] [FML]: Potentially Dangerous alternative prefix `srparasites` for name `senses`, expected `srpmeshi`. This could be a intended override, but in most cases indicates a broken mod.
[21:58:27] [Server thread/WARN] [FML]: Potentially Dangerous alternative prefix `srparasites` for name `prey`, expected `srpmeshi`. This could be a intended override, but in most cases indicates a broken mod.
[21:58:27] [Server thread/WARN] [FML]: Potentially Dangerous alternative prefix `srparasites` for name `debar`, expected `srpmeshi`. This could be a intended override, but in most cases indicates a broken mod.
[21:58:27] [Server thread/WARN] [FML]: Potentially Dangerous alternative prefix `srparasites` for name `needler`, expected `srpmeshi`. This could be a intended override, but in most cases indicates a broken mod.
[21:58:27] [Server thread/WARN] [FML]: Potentially Dangerous alternative prefix `srparasites` for name `foster`, expected `srpmeshi`. This could be a intended override, but in most cases indicates a broken mod.
[21:58:27] [Server thread/WARN] [FML]: Potentially Dangerous alternative prefix `srparasites` for name `link`, expected `srpmeshi`. This could be a intended override, but in most cases indicates a broken mod.
[21:58:27] [Server thread/WARN] [FML]: Potentially Dangerous alternative prefix `srparasites` for name `pivot`, expected `srpmeshi`. This could be a intended override, but in most cases indicates a broken mod.
[21:58:27] [Server thread/WARN] [FML]: Potentially Dangerous alternative prefix `srparasites` for name `coth`, expected `srpmeshi`. This could be a intended override, but in most cases indicates a broken mod.
[21:58:27] [Server thread/WARN] [FML]: Potentially Dangerous alternative prefix `srparasites` for name `fear`, expected `srpmeshi`. This could be a intended override, but in most cases indicates a broken mod.
[21:58:27] [Server thread/WARN] [FML]: Potentially Dangerous alternative prefix `srparasites` for name `res`, expected `srpmeshi`. This could be a intended override, but in most cases indicates a broken mod.
[21:58:27] [Server thread/WARN] [FML]: Potentially Dangerous alternative prefix `srparasites` for name `corro`, expected `srpmeshi`. This could be a intended override, but in most cases indicates a broken mod.
[21:58:27] [Server thread/WARN] [FML]: Potentially Dangerous alternative prefix `srparasites` for name `vira`, expected `srpmeshi`. This could be a intended override, but in most cases indicates a broken mod.
[21:58:27] [Server thread/WARN] [FML]: Potentially Dangerous alternative prefix `srparasites` for name `rage`, expected `srpmeshi`. This could be a intended override, but in most cases indicates a broken mod.
[21:58:27] [Server thread/WARN] [FML]: Potentially Dangerous alternative prefix `srparasites` for name `repel`, expected `srpmeshi`. This could be a intended override, but in most cases indicates a broken mod.
[21:58:27] [Server thread/WARN] [FML]: Potentially Dangerous alternative prefix `srparasites` for name `senses`, expected `srpmeshi`. This could be a intended override, but in most cases indicates a broken mod.
[21:58:27] [Server thread/WARN] [FML]: Potentially Dangerous alternative prefix `srparasites` for name `debar`, expected `srpmeshi`. This could be a intended override, but in most cases indicates a broken mod.
[21:58:27] [Server thread/WARN] [FML]: Potentially Dangerous alternative prefix `srparasites` for name `foster`, expected `srpmeshi`. This could be a intended override, but in most cases indicates a broken mod.
[21:58:27] [Server thread/WARN] [FML]: Potentially Dangerous alternative prefix `srparasites` for name `link`, expected `srpmeshi`. This could be a intended override, but in most cases indicates a broken mod.
[21:58:27] [Server thread/WARN] [FML]: Potentially Dangerous alternative prefix `srparasites` for name `pivot`, expected `srpmeshi`. This could be a intended override, but in most cases indicates a broken mod.
[21:58:27] [Server thread/INFO] [srpmeshi]: All items have been registered.
[21:58:27] [Server thread/INFO] [FML]: Applying holder lookups
[21:58:27] [Server thread/INFO] [FML]: Holder lookups applied
[21:58:27] [Server thread/INFO] [Spartan Weaponry]: Registering Enchantments!
[21:58:27] [Server thread/INFO] [Spartan Weaponry]: Registering entities!
[21:58:27] [Server thread/INFO] [FML]: Applying holder lookups
[21:58:27] [Server thread/INFO] [FML]: Holder lookups applied
[21:58:27] [Server thread/INFO] [FML]: Applying holder lookups
[21:58:27] [Server thread/INFO] [FML]: Holder lookups applied
[21:58:27] [Server thread/INFO] [FML]: Injecting itemstacks
[21:58:27] [Server thread/INFO] [FML]: Itemstack injection complete
[21:58:27] [Server thread/INFO] [net.minecraft.server.dedicated.DedicatedServer]: Loading properties
[21:58:27] [Server thread/INFO] [net.minecraft.server.dedicated.DedicatedServer]: Default game type: SURVIVAL
[21:58:27] [Server thread/INFO] [net.minecraft.server.dedicated.DedicatedServer]: Generating keypair
[21:58:27] [Server thread/INFO] [net.minecraft.server.dedicated.DedicatedServer]: Starting Minecraft server on *:25565
[21:58:27] [Server thread/INFO] [net.minecraft.network.NetworkSystem]: Using epoll channel type
[21:58:27] [Server thread/WARN] [net.minecraft.server.dedicated.DedicatedServer]: **** SERVER IS RUNNING IN OFFLINE/INSECURE MODE!
[21:58:27] [Server thread/WARN] [net.minecraft.server.dedicated.DedicatedServer]: The server will make no attempt to authenticate usernames. Beware.
[21:58:27] [Server thread/WARN] [net.minecraft.server.dedicated.DedicatedServer]: While this makes the game possible to play without internet access, it also opens up the ability for hackers to connect with any username they choose.
[21:58:27] [Server thread/WARN] [net.minecraft.server.dedicated.DedicatedServer]: To change this, set "online-mode" to "true" in the server.properties file.
[21:58:28] [Server thread/ERROR] [FML]: Parsing error loading recipe nocubessrparmory:recipe_vanilla_arrows
com.google.gson.JsonSyntaxException: Unknown item 'srparasites:strange_bone'
	at net.minecraftforge.common.crafting.CraftingHelper.getItemStackBasic(CraftingHelper.java:262) ~[CraftingHelper.class:?]
	at net.minecraftforge.common.crafting.CraftingHelper.lambda$init$16(CraftingHelper.java:544) ~[CraftingHelper.class:?]
	at net.minecraftforge.common.crafting.CraftingHelper.getIngredient(CraftingHelper.java:204) ~[CraftingHelper.class:?]
	at net.minecraftforge.common.crafting.CraftingHelper.lambda$getIngredient$0(CraftingHelper.java:152) ~[CraftingHelper.class:?]
	at java.lang.Iterable.forEach(Iterable.java:75) ~[?:1.8.0_482]
	at net.minecraftforge.common.crafting.CraftingHelper.getIngredient(CraftingHelper.java:150) ~[CraftingHelper.class:?]
	at net.minecraftforge.common.crafting.CraftingHelper.lambda$init$14(CraftingHelper.java:481) ~[CraftingHelper.class:?]
	at net.minecraftforge.common.crafting.CraftingHelper.getRecipe(CraftingHelper.java:416) ~[CraftingHelper.class:?]
	at net.minecraftforge.common.crafting.CraftingHelper.lambda$loadRecipes$22(CraftingHelper.java:723) ~[CraftingHelper.class:?]
	at net.minecraftforge.common.crafting.CraftingHelper.findFiles(CraftingHelper.java:833) ~[CraftingHelper.class:?]
	at net.minecraftforge.common.crafting.CraftingHelper.loadRecipes(CraftingHelper.java:688) ~[CraftingHelper.class:?]
	at java.util.ArrayList.forEach(ArrayList.java:1259) [?:1.8.0_482]
	at net.minecraftforge.common.crafting.CraftingHelper.loadRecipes(CraftingHelper.java:633) [CraftingHelper.class:?]
	at net.minecraftforge.fml.common.Loader.initializeMods(Loader.java:747) [Loader.class:?]
	at net.minecraftforge.fml.server.FMLServerHandler.finishServerLoading(FMLServerHandler.java:108) [FMLServerHandler.class:?]
	at net.minecraftforge.fml.common.FMLCommonHandler.onServerStarted(FMLCommonHandler.java:338) [FMLCommonHandler.class:?]
	at net.minecraft.server.dedicated.DedicatedServer.func_71197_b(DedicatedServer.java:219) [nz.class:?]
	at net.minecraft.server.MinecraftServer.run(MinecraftServer.java:486) [MinecraftServer.class:?]
	at java.lang.Thread.run(Thread.java:750) [?:1.8.0_482]
[21:58:28] [Server thread/ERROR] [FML]: Parsing error loading recipe nocubessrparmory:recipe_capsule_fule_eight
com.google.gson.JsonSyntaxException: Unknown item 'nocubessrparmory:capsuleempty'
	at net.minecraftforge.common.crafting.CraftingHelper.getItemStackBasic(CraftingHelper.java:262) ~[CraftingHelper.class:?]
	at net.minecraftforge.common.crafting.CraftingHelper.lambda$init$16(CraftingHelper.java:544) ~[CraftingHelper.class:?]
	at net.minecraftforge.common.crafting.CraftingHelper.getIngredient(CraftingHelper.java:204) ~[CraftingHelper.class:?]
	at net.minecraftforge.common.crafting.CraftingHelper.lambda$init$14(CraftingHelper.java:481) ~[CraftingHelper.class:?]
	at net.minecraftforge.common.crafting.CraftingHelper.getRecipe(CraftingHelper.java:416) ~[CraftingHelper.class:?]
	at net.minecraftforge.common.crafting.CraftingHelper.lambda$loadRecipes$22(CraftingHelper.java:723) ~[CraftingHelper.class:?]
	at net.minecraftforge.common.crafting.CraftingHelper.findFiles(CraftingHelper.java:833) ~[CraftingHelper.class:?]
	at net.minecraftforge.common.crafting.CraftingHelper.loadRecipes(CraftingHelper.java:688) ~[CraftingHelper.class:?]
	at java.util.ArrayList.forEach(ArrayList.java:1259) [?:1.8.0_482]
	at net.minecraftforge.common.crafting.CraftingHelper.loadRecipes(CraftingHelper.java:633) [CraftingHelper.class:?]
	at net.minecraftforge.fml.common.Loader.initializeMods(Loader.java:747) [Loader.class:?]
	at net.minecraftforge.fml.server.FMLServerHandler.finishServerLoading(FMLServerHandler.java:108) [FMLServerHandler.class:?]
	at net.minecraftforge.fml.common.FMLCommonHandler.onServerStarted(FMLCommonHandler.java:338) [FMLCommonHandler.class:?]
	at net.minecraft.server.dedicated.DedicatedServer.func_71197_b(DedicatedServer.java:219) [nz.class:?]
	at net.minecraft.server.MinecraftServer.run(MinecraftServer.java:486) [MinecraftServer.class:?]
	at java.lang.Thread.run(Thread.java:750) [?:1.8.0_482]
[21:58:28] [Server thread/ERROR] [FML]: Parsing error loading recipe nocubessrparmory:recipe_capsule_fuel_two
com.google.gson.JsonSyntaxException: Unknown item 'nocubessrparmory:capsuleempty'
	at net.minecraftforge.common.crafting.CraftingHelper.getItemStackBasic(CraftingHelper.java:262) ~[CraftingHelper.class:?]
	at net.minecraftforge.common.crafting.CraftingHelper.lambda$init$16(CraftingHelper.java:544) ~[CraftingHelper.class:?]
	at net.minecraftforge.common.crafting.CraftingHelper.getIngredient(CraftingHelper.java:204) ~[CraftingHelper.class:?]
	at net.minecraftforge.common.crafting.CraftingHelper.lambda$init$14(CraftingHelper.java:481) ~[CraftingHelper.class:?]
	at net.minecraftforge.common.crafting.CraftingHelper.getRecipe(CraftingHelper.java:416) ~[CraftingHelper.class:?]
	at net.minecraftforge.common.crafting.CraftingHelper.lambda$loadRecipes$22(CraftingHelper.java:723) ~[CraftingHelper.class:?]
	at net.minecraftforge.common.crafting.CraftingHelper.findFiles(CraftingHelper.java:833) ~[CraftingHelper.class:?]
	at net.minecraftforge.common.crafting.CraftingHelper.loadRecipes(CraftingHelper.java:688) ~[CraftingHelper.class:?]
	at java.util.ArrayList.forEach(ArrayList.java:1259) [?:1.8.0_482]
	at net.minecraftforge.common.crafting.CraftingHelper.loadRecipes(CraftingHelper.java:633) [CraftingHelper.class:?]
	at net.minecraftforge.fml.common.Loader.initializeMods(Loader.java:747) [Loader.class:?]
	at net.minecraftforge.fml.server.FMLServerHandler.finishServerLoading(FMLServerHandler.java:108) [FMLServerHandler.class:?]
	at net.minecraftforge.fml.common.FMLCommonHandler.onServerStarted(FMLCommonHandler.java:338) [FMLCommonHandler.class:?]
	at net.minecraft.server.dedicated.DedicatedServer.func_71197_b(DedicatedServer.java:219) [nz.class:?]
	at net.minecraft.server.MinecraftServer.run(MinecraftServer.java:486) [MinecraftServer.class:?]
	at java.lang.Thread.run(Thread.java:750) [?:1.8.0_482]
[21:58:28] [Server thread/ERROR] [FML]: Parsing error loading recipe nocubessrparmory:recipe_capsule_fuel_sixteen
com.google.gson.JsonSyntaxException: Unknown item 'nocubessrparmory:capsuleempty'
	at net.minecraftforge.common.crafting.CraftingHelper.getItemStackBasic(CraftingHelper.java:262) ~[CraftingHelper.class:?]
	at net.minecraftforge.common.crafting.CraftingHelper.lambda$init$16(CraftingHelper.java:544) ~[CraftingHelper.class:?]
	at net.minecraftforge.common.crafting.CraftingHelper.getIngredient(CraftingHelper.java:204) ~[CraftingHelper.class:?]
	at net.minecraftforge.common.crafting.CraftingHelper.lambda$init$14(CraftingHelper.java:481) ~[CraftingHelper.class:?]
	at net.minecraftforge.common.crafting.CraftingHelper.getRecipe(CraftingHelper.java:416) ~[CraftingHelper.class:?]
	at net.minecraftforge.common.crafting.CraftingHelper.lambda$loadRecipes$22(CraftingHelper.java:723) ~[CraftingHelper.class:?]
	at net.minecraftforge.common.crafting.CraftingHelper.findFiles(CraftingHelper.java:833) ~[CraftingHelper.class:?]
	at net.minecraftforge.common.crafting.CraftingHelper.loadRecipes(CraftingHelper.java:688) ~[CraftingHelper.class:?]
	at java.util.ArrayList.forEach(ArrayList.java:1259) [?:1.8.0_482]
	at net.minecraftforge.common.crafting.CraftingHelper.loadRecipes(CraftingHelper.java:633) [CraftingHelper.class:?]
	at net.minecraftforge.fml.common.Loader.initializeMods(Loader.java:747) [Loader.class:?]
	at net.minecraftforge.fml.server.FMLServerHandler.finishServerLoading(FMLServerHandler.java:108) [FMLServerHandler.class:?]
	at net.minecraftforge.fml.common.FMLCommonHandler.onServerStarted(FMLCommonHandler.java:338) [FMLCommonHandler.class:?]
	at net.minecraft.server.dedicated.DedicatedServer.func_71197_b(DedicatedServer.java:219) [nz.class:?]
	at net.minecraft.server.MinecraftServer.run(MinecraftServer.java:486) [MinecraftServer.class:?]
	at java.lang.Thread.run(Thread.java:750) [?:1.8.0_482]
[21:58:28] [Server thread/ERROR] [FML]: Parsing error loading recipe nocubessrparmory:recipe_capsule_fuel_four
com.google.gson.JsonSyntaxException: Unknown item 'nocubessrparmory:capsuleempty'
	at net.minecraftforge.common.crafting.CraftingHelper.getItemStackBasic(CraftingHelper.java:262) ~[CraftingHelper.class:?]
	at net.minecraftforge.common.crafting.CraftingHelper.lambda$init$16(CraftingHelper.java:544) ~[CraftingHelper.class:?]
	at net.minecraftforge.common.crafting.CraftingHelper.getIngredient(CraftingHelper.java:204) ~[CraftingHelper.class:?]
	at net.minecraftforge.common.crafting.CraftingHelper.lambda$init$14(CraftingHelper.java:481) ~[CraftingHelper.class:?]
	at net.minecraftforge.common.crafting.CraftingHelper.getRecipe(CraftingHelper.java:416) ~[CraftingHelper.class:?]
	at net.minecraftforge.common.crafting.CraftingHelper.lambda$loadRecipes$22(CraftingHelper.java:723) ~[CraftingHelper.class:?]
	at net.minecraftforge.common.crafting.CraftingHelper.findFiles(CraftingHelper.java:833) ~[CraftingHelper.class:?]
	at net.minecraftforge.common.crafting.CraftingHelper.loadRecipes(CraftingHelper.java:688) ~[CraftingHelper.class:?]
	at java.util.ArrayList.forEach(ArrayList.java:1259) [?:1.8.0_482]
	at net.minecraftforge.common.crafting.CraftingHelper.loadRecipes(CraftingHelper.java:633) [CraftingHelper.class:?]
	at net.minecraftforge.fml.common.Loader.initializeMods(Loader.java:747) [Loader.class:?]
	at net.minecraftforge.fml.server.FMLServerHandler.finishServerLoading(FMLServerHandler.java:108) [FMLServerHandler.class:?]
	at net.minecraftforge.fml.common.FMLCommonHandler.onServerStarted(FMLCommonHandler.java:338) [FMLCommonHandler.class:?]
	at net.minecraft.server.dedicated.DedicatedServer.func_71197_b(DedicatedServer.java:219) [nz.class:?]
	at net.minecraft.server.MinecraftServer.run(MinecraftServer.java:486) [MinecraftServer.class:?]
	at java.lang.Thread.run(Thread.java:750) [?:1.8.0_482]
[21:58:28] [Server thread/ERROR] [FML]: Parsing error loading recipe nocubessrparmory:recipe_capsule_empty
com.google.gson.JsonSyntaxException: Unknown item 'nocubessrparmory:capsuleempty'
	at net.minecraftforge.common.crafting.CraftingHelper.getItemStack(CraftingHelper.java:214) ~[CraftingHelper.class:?]
	at net.minecraftforge.common.crafting.CraftingHelper.lambda$init$14(CraftingHelper.java:523) ~[CraftingHelper.class:?]
	at net.minecraftforge.common.crafting.CraftingHelper.getRecipe(CraftingHelper.java:416) ~[CraftingHelper.class:?]
	at net.minecraftforge.common.crafting.CraftingHelper.lambda$loadRecipes$22(CraftingHelper.java:723) ~[CraftingHelper.class:?]
	at net.minecraftforge.common.crafting.CraftingHelper.findFiles(CraftingHelper.java:833) ~[CraftingHelper.class:?]
	at net.minecraftforge.common.crafting.CraftingHelper.loadRecipes(CraftingHelper.java:688) ~[CraftingHelper.class:?]
	at java.util.ArrayList.forEach(ArrayList.java:1259) [?:1.8.0_482]
	at net.minecraftforge.common.crafting.CraftingHelper.loadRecipes(CraftingHelper.java:633) [CraftingHelper.class:?]
	at net.minecraftforge.fml.common.Loader.initializeMods(Loader.java:747) [Loader.class:?]
	at net.minecraftforge.fml.server.FMLServerHandler.finishServerLoading(FMLServerHandler.java:108) [FMLServerHandler.class:?]
	at net.minecraftforge.fml.common.FMLCommonHandler.onServerStarted(FMLCommonHandler.java:338) [FMLCommonHandler.class:?]
	at net.minecraft.server.dedicated.DedicatedServer.func_71197_b(DedicatedServer.java:219) [nz.class:?]
	at net.minecraft.server.MinecraftServer.run(MinecraftServer.java:486) [MinecraftServer.class:?]
	at java.lang.Thread.run(Thread.java:750) [?:1.8.0_482]
[21:58:28] [Server thread/ERROR] [FML]: Parsing error loading recipe nocubessrpsurvival:recipe_parasitic_bone_block
com.google.gson.JsonSyntaxException: Key defines symbols that aren't used in pattern: [2, 5, 6, 7, 8]
	at net.minecraftforge.common.crafting.CraftingHelper.lambda$init$14(CraftingHelper.java:521) ~[CraftingHelper.class:?]
	at net.minecraftforge.common.crafting.CraftingHelper.getRecipe(CraftingHelper.java:416) ~[CraftingHelper.class:?]
	at net.minecraftforge.common.crafting.CraftingHelper.lambda$loadRecipes$22(CraftingHelper.java:723) ~[CraftingHelper.class:?]
	at net.minecraftforge.common.crafting.CraftingHelper.findFiles(CraftingHelper.java:833) ~[CraftingHelper.class:?]
	at net.minecraftforge.common.crafting.CraftingHelper.loadRecipes(CraftingHelper.java:688) ~[CraftingHelper.class:?]
	at java.util.ArrayList.forEach(ArrayList.java:1259) [?:1.8.0_482]
	at net.minecraftforge.common.crafting.CraftingHelper.loadRecipes(CraftingHelper.java:633) [CraftingHelper.class:?]
	at net.minecraftforge.fml.common.Loader.initializeMods(Loader.java:747) [Loader.class:?]
	at net.minecraftforge.fml.server.FMLServerHandler.finishServerLoading(FMLServerHandler.java:108) [FMLServerHandler.class:?]
	at net.minecraftforge.fml.common.FMLCommonHandler.onServerStarted(FMLCommonHandler.java:338) [FMLCommonHandler.class:?]
	at net.minecraft.server.dedicated.DedicatedServer.func_71197_b(DedicatedServer.java:219) [nz.class:?]
	at net.minecraft.server.MinecraftServer.run(MinecraftServer.java:486) [MinecraftServer.class:?]
	at java.lang.Thread.run(Thread.java:750) [?:1.8.0_482]
[21:58:28] [Server thread/ERROR] [FML]: Parsing error loading recipe techguns:techguns_manual_alt
com.google.gson.JsonSyntaxException: Unknown item 'patchouli:guide_book'
	at net.minecraftforge.common.crafting.CraftingHelper.getItemStack(CraftingHelper.java:214) ~[CraftingHelper.class:?]
	at net.minecraftforge.common.crafting.CraftingHelper.lambda$init$15(CraftingHelper.java:538) ~[CraftingHelper.class:?]
	at net.minecraftforge.common.crafting.CraftingHelper.getRecipe(CraftingHelper.java:416) ~[CraftingHelper.class:?]
	at net.minecraftforge.common.crafting.CraftingHelper.lambda$loadRecipes$22(CraftingHelper.java:723) ~[CraftingHelper.class:?]
	at net.minecraftforge.common.crafting.CraftingHelper.findFiles(CraftingHelper.java:833) ~[CraftingHelper.class:?]
	at net.minecraftforge.common.crafting.CraftingHelper.loadRecipes(CraftingHelper.java:688) ~[CraftingHelper.class:?]
	at java.util.ArrayList.forEach(ArrayList.java:1259) [?:1.8.0_482]
	at net.minecraftforge.common.crafting.CraftingHelper.loadRecipes(CraftingHelper.java:633) [CraftingHelper.class:?]
	at net.minecraftforge.fml.common.Loader.initializeMods(Loader.java:747) [Loader.class:?]
	at net.minecraftforge.fml.server.FMLServerHandler.finishServerLoading(FMLServerHandler.java:108) [FMLServerHandler.class:?]
	at net.minecraftforge.fml.common.FMLCommonHandler.onServerStarted(FMLCommonHandler.java:338) [FMLCommonHandler.class:?]
	at net.minecraft.server.dedicated.DedicatedServer.func_71197_b(DedicatedServer.java:219) [nz.class:?]
	at net.minecraft.server.MinecraftServer.run(MinecraftServer.java:486) [MinecraftServer.class:?]
	at java.lang.Thread.run(Thread.java:750) [?:1.8.0_482]
[21:58:28] [Server thread/ERROR] [FML]: Parsing error loading recipe techguns:techguns_manual
com.google.gson.JsonSyntaxException: Unknown item 'patchouli:guide_book'
	at net.minecraftforge.common.crafting.CraftingHelper.getItemStack(CraftingHelper.java:214) ~[CraftingHelper.class:?]
	at net.minecraftforge.common.crafting.CraftingHelper.lambda$init$15(CraftingHelper.java:538) ~[CraftingHelper.class:?]
	at net.minecraftforge.common.crafting.CraftingHelper.getRecipe(CraftingHelper.java:416) ~[CraftingHelper.class:?]
	at net.minecraftforge.common.crafting.CraftingHelper.lambda$loadRecipes$22(CraftingHelper.java:723) ~[CraftingHelper.class:?]
	at net.minecraftforge.common.crafting.CraftingHelper.findFiles(CraftingHelper.java:833) ~[CraftingHelper.class:?]
	at net.minecraftforge.common.crafting.CraftingHelper.loadRecipes(CraftingHelper.java:688) ~[CraftingHelper.class:?]
	at java.util.ArrayList.forEach(ArrayList.java:1259) [?:1.8.0_482]
	at net.minecraftforge.common.crafting.CraftingHelper.loadRecipes(CraftingHelper.java:633) [CraftingHelper.class:?]
	at net.minecraftforge.fml.common.Loader.initializeMods(Loader.java:747) [Loader.class:?]
	at net.minecraftforge.fml.server.FMLServerHandler.finishServerLoading(FMLServerHandler.java:108) [FMLServerHandler.class:?]
	at net.minecraftforge.fml.common.FMLCommonHandler.onServerStarted(FMLCommonHandler.java:338) [FMLCommonHandler.class:?]
	at net.minecraft.server.dedicated.DedicatedServer.func_71197_b(DedicatedServer.java:219) [nz.class:?]
	at net.minecraft.server.MinecraftServer.run(MinecraftServer.java:486) [MinecraftServer.class:?]
	at java.lang.Thread.run(Thread.java:750) [?:1.8.0_482]
[21:58:28] [Server thread/ERROR] [FML]: Parsing error loading recipe techguns:shishkebap_alt
com.google.gson.JsonSyntaxException: Unknown item 'techguns:shishkebap'
	at net.minecraftforge.common.crafting.CraftingHelper.getItemStack(CraftingHelper.java:214) ~[CraftingHelper.class:?]
	at net.minecraftforge.oredict.ShapedOreRecipe.factory(ShapedOreRecipe.java:254) ~[ShapedOreRecipe.class:?]
	at net.minecraftforge.common.crafting.CraftingHelper.getRecipe(CraftingHelper.java:416) ~[CraftingHelper.class:?]
	at net.minecraftforge.common.crafting.CraftingHelper.lambda$loadRecipes$22(CraftingHelper.java:723) ~[CraftingHelper.class:?]
	at net.minecraftforge.common.crafting.CraftingHelper.findFiles(CraftingHelper.java:833) ~[CraftingHelper.class:?]
	at net.minecraftforge.common.crafting.CraftingHelper.loadRecipes(CraftingHelper.java:688) ~[CraftingHelper.class:?]
	at java.util.ArrayList.forEach(ArrayList.java:1259) [?:1.8.0_482]
	at net.minecraftforge.common.crafting.CraftingHelper.loadRecipes(CraftingHelper.java:633) [CraftingHelper.class:?]
	at net.minecraftforge.fml.common.Loader.initializeMods(Loader.java:747) [Loader.class:?]
	at net.minecraftforge.fml.server.FMLServerHandler.finishServerLoading(FMLServerHandler.java:108) [FMLServerHandler.class:?]
	at net.minecraftforge.fml.common.FMLCommonHandler.onServerStarted(FMLCommonHandler.java:338) [FMLCommonHandler.class:?]
	at net.minecraft.server.dedicated.DedicatedServer.func_71197_b(DedicatedServer.java:219) [nz.class:?]
	at net.minecraft.server.MinecraftServer.run(MinecraftServer.java:486) [MinecraftServer.class:?]
	at java.lang.Thread.run(Thread.java:750) [?:1.8.0_482]
[21:58:28] [Server thread/ERROR] [FML]: Parsing error loading recipe techguns:shishkebap
com.google.gson.JsonSyntaxException: Unknown item 'techguns:shishkebap'
	at net.minecraftforge.common.crafting.CraftingHelper.getItemStack(CraftingHelper.java:214) ~[CraftingHelper.class:?]
	at net.minecraftforge.oredict.ShapedOreRecipe.factory(ShapedOreRecipe.java:254) ~[ShapedOreRecipe.class:?]
	at net.minecraftforge.common.crafting.CraftingHelper.getRecipe(CraftingHelper.java:416) ~[CraftingHelper.class:?]
	at net.minecraftforge.common.crafting.CraftingHelper.lambda$loadRecipes$22(CraftingHelper.java:723) ~[CraftingHelper.class:?]
	at net.minecraftforge.common.crafting.CraftingHelper.findFiles(CraftingHelper.java:833) ~[CraftingHelper.class:?]
	at net.minecraftforge.common.crafting.CraftingHelper.loadRecipes(CraftingHelper.java:688) ~[CraftingHelper.class:?]
	at java.util.ArrayList.forEach(ArrayList.java:1259) [?:1.8.0_482]
	at net.minecraftforge.common.crafting.CraftingHelper.loadRecipes(CraftingHelper.java:633) [CraftingHelper.class:?]
	at net.minecraftforge.fml.common.Loader.initializeMods(Loader.java:747) [Loader.class:?]
	at net.minecraftforge.fml.server.FMLServerHandler.finishServerLoading(FMLServerHandler.java:108) [FMLServerHandler.class:?]
	at net.minecraftforge.fml.common.FMLCommonHandler.onServerStarted(FMLCommonHandler.java:338) [FMLCommonHandler.class:?]
	at net.minecraft.server.dedicated.DedicatedServer.func_71197_b(DedicatedServer.java:219) [nz.class:?]
	at net.minecraft.server.MinecraftServer.run(MinecraftServer.java:486) [MinecraftServer.class:?]
	at java.lang.Thread.run(Thread.java:750) [?:1.8.0_482]
[21:58:28] [Server thread/WARN] [FML]: Potentially Dangerous alternative prefix `minecraft` for name `nether_brick_fence`, expected `futuremc`. This could be a intended override, but in most cases indicates a broken mod.
[21:58:28] [Server thread/WARN] [FML]: Potentially Dangerous alternative prefix `minecraft` for name `bread`, expected `harvestcraft`. This could be a intended override, but in most cases indicates a broken mod.
[21:58:28] [Server thread/WARN] [FML]: Unable to find recipe for minecraft:rabbit_stew
[21:58:28] [Server thread/WARN] [FML]: Potentially Dangerous alternative prefix `minecraft` for name `beetroot_soup`, expected `harvestcraft`. This could be a intended override, but in most cases indicates a broken mod.
[21:58:28] [Server thread/WARN] [FML]: Potentially Dangerous alternative prefix `minecraft` for name `mushroom_stew`, expected `harvestcraft`. This could be a intended override, but in most cases indicates a broken mod.
[21:58:28] [Server thread/WARN] [FML]: Potentially Dangerous alternative prefix `minecraft` for name `cookie`, expected `harvestcraft`. This could be a intended override, but in most cases indicates a broken mod.
[21:58:28] [Server thread/WARN] [FML]: Potentially Dangerous alternative prefix `minecraft` for name `pumpkin_pie`, expected `harvestcraft`. This could be a intended override, but in most cases indicates a broken mod.
[21:58:28] [Server thread/WARN] [FML]: Unable to find recipe for minecraft:baked_potato
[21:58:28] [Server thread/INFO] [Spartan Shields]: Recipes added!
[21:58:28] [Server thread/INFO] [Spartan Weaponry]: Registering recipes for Tipped Bolts!
[21:58:28] [Server thread/INFO] [Spartan Weaponry]: Recipes added!
[21:58:28] [Server thread/INFO] [FML]: Applying holder lookups
[21:58:28] [Server thread/INFO] [FML]: Holder lookups applied
[21:58:28] [Server thread/INFO] [AE2:S]: Initialization ( started )
[21:58:28] [Server thread/INFO] [AE2:S]: Disabling item.csv export for custom recipes, since creative tab information is only available on the client.
[21:58:28] [Server thread/INFO] [AE2:S]: Initialization ( ended after 115ms )
[21:58:28] [Server thread/INFO] [bhc]: Initialization finished.
[21:58:29] [Server thread/WARN] [FML]: No types have been added to Biome appliedenergistics2:storage_biome, types have been assigned on a best-effort guess: [PLAINS, COLD]
[21:58:29] [Server thread/INFO] [harvestcraft]: minecraft:ocean;OCEAN;0.5;false;false;false;[OCEAN, WATER]
[21:58:29] [Server thread/INFO] [harvestcraft]: minecraft:plains;MEDIUM;0.8;false;false;false;[PLAINS]
[21:58:29] [Server thread/INFO] [harvestcraft]: minecraft:desert;WARM;2.0;false;false;false;[HOT, SANDY, DRY]
[21:58:29] [Server thread/INFO] [harvestcraft]: minecraft:extreme_hills;MEDIUM;0.2;false;false;false;[MOUNTAIN, HILLS]
[21:58:29] [Server thread/INFO] [harvestcraft]: minecraft:forest;MEDIUM;0.7;false;false;false;[FOREST]
[21:58:29] [Server thread/INFO] [harvestcraft]: minecraft:taiga;MEDIUM;0.25;false;false;false;[FOREST, COLD, CONIFEROUS]
[21:58:29] [Server thread/INFO] [harvestcraft]: minecraft:swampland;MEDIUM;0.8;true;false;false;[WET, SWAMP]
[21:58:29] [Server thread/INFO] [harvestcraft]: minecraft:river;MEDIUM;0.5;false;false;false;[RIVER, WATER]
[21:58:29] [Server thread/INFO] [harvestcraft]: minecraft:hell;WARM;2.0;false;false;false;[HOT, NETHER, DRY]
[21:58:29] [Server thread/INFO] [harvestcraft]: minecraft:sky;MEDIUM;0.5;false;false;false;[END, COLD, DRY]
[21:58:29] [Server thread/INFO] [harvestcraft]: minecraft:frozen_ocean;OCEAN;0.0;false;false;true;[SNOWY, COLD, OCEAN, WATER]
[21:58:29] [Server thread/INFO] [harvestcraft]: minecraft:frozen_river;COLD;0.0;false;false;true;[SNOWY, COLD, RIVER, WATER]
[21:58:29] [Server thread/INFO] [harvestcraft]: minecraft:ice_flats;COLD;0.0;false;false;true;[SNOWY, COLD, WASTELAND]
[21:58:29] [Server thread/INFO] [harvestcraft]: minecraft:ice_mountains;COLD;0.0;false;false;true;[SNOWY, COLD, MOUNTAIN]
[21:58:29] [Server thread/INFO] [harvestcraft]: minecraft:mushroom_island;MEDIUM;0.9;true;false;false;[MUSHROOM, RARE]
[21:58:29] [Server thread/INFO] [harvestcraft]: minecraft:mushroom_island_shore;MEDIUM;0.9;true;false;false;[MUSHROOM, BEACH, RARE]
[21:58:29] [Server thread/INFO] [harvestcraft]: minecraft:beaches;MEDIUM;0.8;false;false;false;[BEACH]
[21:58:29] [Server thread/INFO] [harvestcraft]: minecraft:desert_hills;WARM;2.0;false;false;false;[HOT, SANDY, HILLS, DRY]
[21:58:29] [Server thread/INFO] [harvestcraft]: minecraft:forest_hills;MEDIUM;0.7;false;false;false;[FOREST, HILLS]
[21:58:29] [Server thread/INFO] [harvestcraft]: minecraft:taiga_hills;MEDIUM;0.25;false;false;false;[FOREST, COLD, HILLS, CONIFEROUS]
[21:58:29] [Server thread/INFO] [harvestcraft]: minecraft:smaller_extreme_hills;MEDIUM;0.2;false;false;false;[MOUNTAIN]
[21:58:29] [Server thread/INFO] [harvestcraft]: minecraft:jungle;MEDIUM;0.95;true;false;false;[HOT, JUNGLE, DENSE, WET]
[21:58:29] [Server thread/INFO] [harvestcraft]: minecraft:jungle_hills;MEDIUM;0.95;true;false;false;[HOT, JUNGLE, HILLS, DENSE, WET]
[21:58:29] [Server thread/INFO] [harvestcraft]: minecraft:jungle_edge;MEDIUM;0.95;false;false;false;[HOT, JUNGLE, FOREST, WET, RARE]
[21:58:29] [Server thread/INFO] [harvestcraft]: minecraft:deep_ocean;OCEAN;0.5;false;false;false;[OCEAN, WATER]
[21:58:29] [Server thread/INFO] [harvestcraft]: minecraft:stone_beach;MEDIUM;0.2;false;false;false;[BEACH]
[21:58:29] [Server thread/INFO] [harvestcraft]: minecraft:cold_beach;COLD;0.05;false;false;true;[SNOWY, COLD, BEACH]
[21:58:29] [Server thread/INFO] [harvestcraft]: minecraft:birch_forest;MEDIUM;0.6;false;false;false;[FOREST]
[21:58:29] [Server thread/INFO] [harvestcraft]: minecraft:birch_forest_hills;MEDIUM;0.6;false;false;false;[FOREST, HILLS]
[21:58:29] [Server thread/INFO] [harvestcraft]: minecraft:roofed_forest;MEDIUM;0.7;false;false;false;[FOREST, SPOOKY, DENSE]
[21:58:29] [Server thread/INFO] [harvestcraft]: minecraft:taiga_cold;COLD;-0.5;false;false;true;[FOREST, SNOWY, COLD, CONIFEROUS]
[21:58:29] [Server thread/INFO] [harvestcraft]: minecraft:taiga_cold_hills;COLD;-0.5;false;false;true;[FOREST, SNOWY, COLD, HILLS, CONIFEROUS]
[21:58:29] [Server thread/INFO] [harvestcraft]: minecraft:redwood_taiga;MEDIUM;0.3;false;false;false;[FOREST, COLD, CONIFEROUS]
[21:58:29] [Server thread/INFO] [harvestcraft]: minecraft:redwood_taiga_hills;MEDIUM;0.3;false;false;false;[FOREST, COLD, HILLS, CONIFEROUS]
[21:58:29] [Server thread/INFO] [harvestcraft]: minecraft:extreme_hills_with_trees;MEDIUM;0.2;false;false;false;[FOREST, MOUNTAIN, SPARSE]
[21:58:29] [Server thread/INFO] [harvestcraft]: minecraft:savanna;WARM;1.2;false;false;false;[HOT, PLAINS, SAVANNA, SPARSE]
[21:58:29] [Server thread/INFO] [harvestcraft]: minecraft:savanna_rock;WARM;1.0;false;false;false;[HOT, PLAINS, SAVANNA, SPARSE, RARE]
[21:58:29] [Server thread/INFO] [harvestcraft]: minecraft:mesa;WARM;2.0;false;false;false;[SANDY, MESA, DRY]
[21:58:29] [Server thread/INFO] [harvestcraft]: minecraft:mesa_rock;WARM;2.0;false;false;false;[SANDY, SPARSE, MESA, DRY]
[21:58:29] [Server thread/INFO] [harvestcraft]: minecraft:mesa_clear_rock;WARM;2.0;false;false;false;[SANDY, MESA, DRY]
[21:58:29] [Server thread/INFO] [harvestcraft]: minecraft:void;MEDIUM;0.5;false;false;false;[VOID]
[21:58:29] [Server thread/INFO] [harvestcraft]: minecraft:mutated_plains;MEDIUM;0.8;false;true;false;[PLAINS, RARE]
[21:58:29] [Server thread/INFO] [harvestcraft]: minecraft:mutated_desert;WARM;2.0;false;true;false;[HOT, SANDY, DRY, RARE]
[21:58:29] [Server thread/INFO] [harvestcraft]: minecraft:mutated_extreme_hills;MEDIUM;0.2;false;true;false;[MOUNTAIN, SPARSE, RARE]
[21:58:29] [Server thread/INFO] [harvestcraft]: minecraft:mutated_forest;MEDIUM;0.7;false;true;false;[FOREST, HILLS, RARE]
[21:58:29] [Server thread/INFO] [harvestcraft]: minecraft:mutated_taiga;MEDIUM;0.25;false;true;false;[FOREST, COLD, MOUNTAIN, CONIFEROUS, RARE]
[21:58:29] [Server thread/INFO] [harvestcraft]: minecraft:mutated_swampland;MEDIUM;0.8;true;true;false;[HILLS, WET, RARE, SWAMP]
[21:58:29] [Server thread/INFO] [harvestcraft]: minecraft:mutated_ice_flats;COLD;0.0;false;true;true;[SNOWY, COLD, HILLS, RARE]
[21:58:29] [Server thread/INFO] [harvestcraft]: minecraft:mutated_jungle;MEDIUM;0.95;true;true;false;[HOT, JUNGLE, MOUNTAIN, DENSE, WET, RARE]
[21:58:29] [Server thread/INFO] [harvestcraft]: minecraft:mutated_jungle_edge;MEDIUM;0.95;false;true;false;[HOT, JUNGLE, SPARSE, HILLS, RARE]
[21:58:29] [Server thread/INFO] [harvestcraft]: minecraft:mutated_birch_forest;MEDIUM;0.6;false;true;false;[FOREST, HILLS, DENSE, RARE]
[21:58:29] [Server thread/INFO] [harvestcraft]: minecraft:mutated_birch_forest_hills;MEDIUM;0.6;false;true;false;[FOREST, MOUNTAIN, DENSE, RARE]
[21:58:29] [Server thread/INFO] [harvestcraft]: minecraft:mutated_roofed_forest;MEDIUM;0.7;false;true;false;[FOREST, SPOOKY, MOUNTAIN, DENSE, RARE]
[21:58:29] [Server thread/INFO] [harvestcraft]: minecraft:mutated_taiga_cold;COLD;-0.5;false;true;true;[FOREST, SNOWY, COLD, MOUNTAIN, CONIFEROUS, RARE]
[21:58:29] [Server thread/INFO] [harvestcraft]: minecraft:mutated_redwood_taiga;MEDIUM;0.25;false;true;false;[FOREST, DENSE, RARE]
[21:58:29] [Server thread/INFO] [harvestcraft]: minecraft:mutated_redwood_taiga_hills;MEDIUM;0.25;false;true;false;[FOREST, HILLS, DENSE, RARE]
[21:58:29] [Server thread/INFO] [harvestcraft]: minecraft:mutated_extreme_hills_with_trees;MEDIUM;0.2;false;true;false;[MOUNTAIN, SPARSE, RARE]
[21:58:29] [Server thread/INFO] [harvestcraft]: minecraft:mutated_savanna;WARM;1.1;false;true;false;[HOT, SAVANNA, SPARSE, MOUNTAIN, DRY, RARE]
[21:58:29] [Server thread/INFO] [harvestcraft]: minecraft:mutated_savanna_rock;WARM;1.0;false;true;false;[HOT, SAVANNA, SPARSE, HILLS, DRY, RARE]
[21:58:29] [Server thread/INFO] [harvestcraft]: minecraft:mutated_mesa;WARM;2.0;false;true;false;[HOT, SPARSE, MOUNTAIN, DRY, RARE]
[21:58:29] [Server thread/INFO] [harvestcraft]: minecraft:mutated_mesa_rock;WARM;2.0;false;true;false;[HOT, SPARSE, HILLS, DRY, RARE]
[21:58:29] [Server thread/INFO] [harvestcraft]: minecraft:mutated_mesa_clear_rock;WARM;2.0;false;true;false;[HOT, SPARSE, MOUNTAIN, DRY, RARE]
[21:58:29] [Server thread/INFO] [harvestcraft]: appliedenergistics2:storage_biome;COLD;-100.0;false;true;false;[PLAINS, COLD]
[21:58:29] [Server thread/INFO] [harvestcraft]: srparasites:biome_parasite;MEDIUM;0.5;false;false;false;[SPOOKY]
[21:58:29] [Server thread/INFO] [harvestcraft]: Registering drops for shadedGarden.
[21:58:29] [Server thread/INFO] [harvestcraft]: Registering drops for tropicalGarden.
[21:58:29] [Server thread/INFO] [harvestcraft]: Registering drops for windyGarden.
[21:58:29] [Server thread/INFO] [harvestcraft]: Registering drops for frostGarden.
[21:58:29] [Server thread/INFO] [harvestcraft]: Registering drops for aridGarden.
[21:58:29] [Server thread/INFO] [harvestcraft]: Registering drops for soggyGarden.
[21:58:29] [Server thread/WARN] [FML]: Potentially Dangerous alternative prefix `minecraft` for name `pamapiary`, expected `harvestcraft`. This could be a intended override, but in most cases indicates a broken mod.
[21:58:29] [Server thread/WARN] [FML]: Potentially Dangerous alternative prefix `minecraft` for name `pammarket`, expected `harvestcraft`. This could be a intended override, but in most cases indicates a broken mod.
[21:58:29] [Server thread/WARN] [FML]: Potentially Dangerous alternative prefix `minecraft` for name `pamshippingbin`, expected `harvestcraft`. This could be a intended override, but in most cases indicates a broken mod.
[21:58:29] [Server thread/WARN] [FML]: Potentially Dangerous alternative prefix `minecraft` for name `pampresser`, expected `harvestcraft`. This could be a intended override, but in most cases indicates a broken mod.
[21:58:29] [Server thread/WARN] [FML]: Potentially Dangerous alternative prefix `minecraft` for name `pamgroundtrap`, expected `harvestcraft`. This could be a intended override, but in most cases indicates a broken mod.
[21:58:29] [Server thread/WARN] [FML]: Potentially Dangerous alternative prefix `minecraft` for name `pamwatertrap`, expected `harvestcraft`. This could be a intended override, but in most cases indicates a broken mod.
[21:58:29] [Server thread/WARN] [FML]: Potentially Dangerous alternative prefix `minecraft` for name `pamwaterfilter`, expected `harvestcraft`. This could be a intended override, but in most cases indicates a broken mod.
[21:58:29] [Server thread/WARN] [FML]: Potentially Dangerous alternative prefix `minecraft` for name `pamgrinder`, expected `harvestcraft`. This could be a intended override, but in most cases indicates a broken mod.
[21:58:29] [Server thread/INFO] [Spartan Weaponry]: Registering OreDictionary entries
[21:58:29] [Server thread/INFO] [Spartan Weaponry]: Attempting to add new advancement triggers...
[21:58:29] [Server thread/INFO] [Spartan Weaponry]: New advancement triggers added successfully!
[21:58:29] [Server thread/INFO] [xaero.lib.XaeroLib]: Loading XaeroLib common 1/2!
[21:58:29] [Server thread/INFO] [xaero.lib.XaeroLib]: Loading XaeroLib server 1/2!
[21:58:29] [Server thread/INFO] [xaero.minimap.XaeroMinimap]: Loading Xaero's Minimap - Stage 1/2 (Server)
[21:58:29] [Server thread/INFO] [FML]: Injecting itemstacks
[21:58:29] [Server thread/INFO] [FML]: Itemstack injection complete
[21:58:29] [Server thread/INFO] [AE2:S]: Post Initialization ( started )
[21:58:29] [Server thread/INFO] [AE2:S]: Industrial Craft 2 - Integration Disabled
[21:58:29] [Server thread/INFO] [AE2:S]: Railcraft - Integration Disabled
[21:58:29] [Server thread/INFO] [AE2:S]: Mine Factory Reloaded - Integration Disabled
[21:58:29] [Server thread/INFO] [AE2:S]: Waila - Integration Disabled
[21:58:29] [Server thread/INFO] [AE2:S]: Mekanism - Integration Disabled
[21:58:29] [Server thread/INFO] [AE2:S]: OpenComputers - Integration Disabled
[21:58:29] [Server thread/INFO] [AE2:S]: TheOneProbe - Integration Disabled
[21:58:29] [Server thread/INFO] [AE2:S]: Tesla - Integration Disabled
[21:58:29] [Server thread/INFO] [AE2:S]: CraftTweaker - Integration Disabled
[21:58:29] [Server thread/INFO] [AE2:S]: Post Initialization ( ended after 183ms )
[21:58:29] [Server thread/INFO] [bhc]: Post-Initialization finished.
[21:58:30] [Server thread/INFO] [hordes]: Loaded entity minecraft:skeleton as class net.minecraft.entity.monster.EntitySkeleton with weight 10, min day 0 and max day 20
[21:58:30] [Server thread/INFO] [hordes]: Loaded entity minecraft:skeleton as class net.minecraft.entity.monster.EntitySkeleton with weight 20, min day 0 and max day 30
[21:58:30] [Server thread/INFO] [hordes]: Loaded entity minecraft:skeleton_horse as class net.minecraft.entity.passive.EntitySkeletonHorse with weight 5, min day 20 and max day 50
[21:58:30] [Server thread/INFO] [hordes]: Loaded entity minecraft:stray as class net.minecraft.entity.monster.EntityStray with weight 10, min day 20 and max day 0
[21:58:30] [Server thread/INFO] [hordes]: Loaded entity minecraft:wither_skeleton as class net.minecraft.entity.monster.EntityWitherSkeleton with weight 10, min day 40 and max day 0
[21:58:30] [Server thread/INFO] [hordes]: Loaded entity minecraft:skeleton_horse as class net.minecraft.entity.passive.EntitySkeletonHorse with weight 5, min day 40 and max day 0
[21:58:30] [Server thread/INFO] [hordes]: loaded horde table hordes:skeletons
[21:58:30] [Server thread/INFO] [hordes]: Loaded entity minecraft:zombie as class net.minecraft.entity.monster.EntityZombie with weight 20, min day 0 and max day 20
[21:58:30] [Server thread/INFO] [hordes]: Loaded entity minecraft:skeleton as class net.minecraft.entity.monster.EntitySkeleton with weight 10, min day 20 and max day 30
[21:58:30] [Server thread/INFO] [hordes]: Loaded entity minecraft:spider as class net.minecraft.entity.monster.EntitySpider with weight 15, min day 20 and max day 30
[21:58:30] [Server thread/INFO] [hordes]: Loaded entity minecraft:creeper as class net.minecraft.entity.monster.EntityCreeper with weight 5, min day 30 and max day 30
[21:58:30] [Server thread/INFO] [hordes]: Loaded entity minecraft:husk as class net.minecraft.entity.monster.EntityHusk with weight 20, min day 30 and max day 50
[21:58:30] [Server thread/INFO] [hordes]: Loaded entity minecraft:stray as class net.minecraft.entity.monster.EntityStray with weight 10, min day 40 and max day 50
[21:58:30] [Server thread/INFO] [hordes]: Loaded entity minecraft:cave_spider as class net.minecraft.entity.monster.EntityCaveSpider with weight 10, min day 40 and max day 50
[21:58:30] [Server thread/INFO] [hordes]: Loaded entity minecraft:witch as class net.minecraft.entity.monster.EntityWitch with weight 5, min day 40 and max day 50
[21:58:30] [Server thread/INFO] [hordes]: Loaded entity minecraft:zombie_horse as class net.minecraft.entity.passive.EntityZombieHorse with weight 3, min day 40 and max day 0
[21:58:30] [Server thread/INFO] [hordes]: Loaded entity minecraft:vindication_illager as class net.minecraft.entity.monster.EntityVindicator with weight 5, min day 50 and max day 0
[21:58:30] [Server thread/INFO] [hordes]: Loaded entity minecraft:wither_skeleton as class net.minecraft.entity.monster.EntityWitherSkeleton with weight 10, min day 50 and max day 0
[21:58:30] [Server thread/INFO] [hordes]: Loaded entity minecraft:cave_spider as class net.minecraft.entity.monster.EntityCaveSpider with weight 15, min day 60 and max day 0
[21:58:30] [Server thread/INFO] [hordes]: Loaded entity minecraft:skeleton_horse as class net.minecraft.entity.passive.EntitySkeletonHorse with weight 3, min day 40 and max day 0
[21:58:30] [Server thread/INFO] [hordes]: loaded horde table hordes:mixed_mobs
[21:58:30] [Server thread/INFO] [hordes]: Loaded entity minecraft:zombie as class net.minecraft.entity.monster.EntityZombie with weight 35, min day 0 and max day 20
[21:58:30] [Server thread/INFO] [hordes]: Loaded entity minecraft:zombie_villager as class net.minecraft.entity.monster.EntityZombieVillager with weight 1, min day 0 and max day 20
[21:58:30] [Server thread/INFO] [hordes]: Loaded entity minecraft:zombie_horse as class net.minecraft.entity.passive.EntityZombieHorse with weight 3, min day 20 and max day 0
[21:58:30] [Server thread/INFO] [hordes]: Loaded entity minecraft:husk as class net.minecraft.entity.monster.EntityHusk with weight 40, min day 20 and max day 0
[21:58:30] [Server thread/INFO] [hordes]: loaded horde table hordes:default
[21:58:30] [Server thread/INFO] [hordes]: loaded horde script hordes:default
[21:58:30] [Server thread/INFO] [hordes]: Loading infection cures
[21:58:30] [Server thread/INFO] [hordes]: Loaded infection cure 1xitem.appleGold@32767
[21:58:30] [Server thread/INFO] [hordes]: Loading infection entities
[21:58:30] [Server thread/INFO] [hordes]: Loaded infection entity minecraft:zombie as class net.minecraft.entity.monster.EntityZombie
[21:58:30] [Server thread/INFO] [hordes]: Loaded infection entity minecraft:zombie_villager as class net.minecraft.entity.monster.EntityZombieVillager
[21:58:30] [Server thread/INFO] [hordes]: Loaded infection entity minecraft:husk as class net.minecraft.entity.monster.EntityHusk
[21:58:30] [Server thread/INFO] [hordes]: Loaded infection entity minecraft:zombie_horse as class net.minecraft.entity.passive.EntityZombieHorse
[21:58:30] [Server thread/INFO] [hordes]: Loaded infection entity hordes:zombie_player as class net.smileycorp.hordes.common.entities.EntityZombiePlayer
[21:58:30] [Server thread/INFO] [hordes]: Loading conversion tables
[21:58:30] [Server thread/INFO] [hordes]: Loaded conversion class net.minecraft.entity.passive.EntityHorse to class net.minecraft.entity.passive.EntityZombieHorse with chance of 0.65
[21:58:30] [Server thread/INFO] [hordes]: Loading immunity item list
[21:58:30] [Server thread/INFO] [hordes]: Loaded immunity item 1xitem.appleGold@1 with duration 150
[21:58:30] [Server thread/INFO] [hordes]: Loading wearables protection list
[21:58:30] [Server thread/INFO] [hordes]: Loaded wearable protection minecraft:leather_boots with modifier 0.95
[21:58:30] [Server thread/INFO] [hordes]: Loaded wearable protection minecraft:leather_leggings with modifier 0.95
[21:58:30] [Server thread/INFO] [hordes]: Loaded wearable protection minecraft:leather_chestplate with modifier 0.95
[21:58:30] [Server thread/INFO] [hordes]: Loaded wearable protection minecraft:leather_helmet with modifier 0.95
[21:58:30] [Server thread/INFO] [hordes]: Loaded wearable protection minecraft:chainmail_boots with modifier 0.95
[21:58:30] [Server thread/INFO] [hordes]: Loaded wearable protection minecraft:chainmail_leggings with modifier 0.95
[21:58:30] [Server thread/INFO] [hordes]: Loaded wearable protection minecraft:chainmail_chestplate with modifier 0.95
[21:58:30] [Server thread/INFO] [hordes]: Loaded wearable protection minecraft:chainmail_helmet with modifier 0.95
[21:58:30] [Server thread/INFO] [hordes]: Loaded wearable protection minecraft:iron_boots with modifier 0.9
[21:58:30] [Server thread/INFO] [hordes]: Loaded wearable protection minecraft:iron_leggings with modifier 0.9
[21:58:30] [Server thread/INFO] [hordes]: Loaded wearable protection minecraft:iron_chestplate with modifier 0.9
[21:58:30] [Server thread/INFO] [hordes]: Loaded wearable protection minecraft:iron_helmet with modifier 0.9
[21:58:30] [Server thread/INFO] [hordes]: Loaded wearable protection minecraft:golden_boots with modifier 0.9
[21:58:30] [Server thread/INFO] [hordes]: Loaded wearable protection minecraft:golden_leggings with modifier 0.9
[21:58:30] [Server thread/INFO] [hordes]: Loaded wearable protection minecraft:golden_chestplate with modifier 0.9
[21:58:30] [Server thread/INFO] [hordes]: Loaded wearable protection minecraft:golden_helmet with modifier 0.9
[21:58:30] [Server thread/INFO] [hordes]: Loaded wearable protection minecraft:diamond_boots with modifier 0.86
[21:58:30] [Server thread/INFO] [hordes]: Loaded wearable protection minecraft:diamond_leggings with modifier 0.86
[21:58:30] [Server thread/INFO] [hordes]: Loaded wearable protection minecraft:diamond_chestplate with modifier 0.86
[21:58:30] [Server thread/INFO] [hordes]: Loaded wearable protection minecraft:diamond_helmet with modifier 0.86
[21:58:30] [Server thread/INFO] [DLDUNGEONS]: Loading custom NBT tags (nbt.cfg)
[21:58:30] [Server thread/INFO] [DLDUNGEONS]: Loading chest loot file (chests.cfg)
[21:58:30] [Server thread/INFO] [DLDUNGEONS]: Found 1 special chest configs.
[21:58:30] [Server thread/INFO] [DLDUNGEONS]: Loading chest loot file (oceanic_chests.cfg)
[21:58:30] [Server thread/INFO] [DLDUNGEONS]: Found 6 block family configs.
[21:58:30] [Server thread/INFO] [DLDUNGEONS]: Found 12 themes.
[21:58:30] [Server thread/INFO] [srparasites]: [MOD COMPATIBILITY] 0 of 2 modules activated
[21:58:31] [Server thread/INFO] [xaero.lib.XaeroLib]: Loading XaeroLib common 2/2!
[21:58:31] [Server thread/INFO] [xaero.lib.XaeroLib]: Loading XaeroLib server 2/2!
[21:58:31] [Server thread/INFO] [xaero.minimap.XaeroMinimap]: Loading Xaero's Minimap - Stage 2/2 (Server)
[21:58:31] [Server thread/INFO] [FML]: Forge Mod Loader has successfully loaded 58 mods
[21:58:31] [Server thread/INFO] [net.minecraft.server.dedicated.DedicatedServer]: Preparing level "world"
[21:58:31] [Server thread/INFO] [FML]: Injecting existing registry data into this server instance
[21:58:32] [Server thread/INFO] [FML]: Applying holder lookups
[21:58:32] [Server thread/INFO] [FML]: Holder lookups applied
[21:58:32] [Server thread/INFO] [FML]: Loading dimension 0 (world) (net.minecraft.server.dedicated.DedicatedServer@1e98c29b)
[21:58:32] [Server thread/ERROR] [net.minecraft.advancements.AdvancementManager]: Parsing error loading built-in advancement minecraft:recipes/redstone/trapdoor
com.google.gson.JsonSyntaxException: Unknown recipe 'minecraft:trapdoor'
	at net.minecraft.advancements.AdvancementRewards$Deserializer.deserialize(AdvancementRewards.java:171) ~[l$a.class:?]
	at net.minecraft.advancements.AdvancementRewards$Deserializer.deserialize(AdvancementRewards.java:147) ~[l$a.class:?]
	at com.google.gson.internal.bind.TreeTypeAdapter.read(TreeTypeAdapter.java:69) ~[TreeTypeAdapter.class:?]
	at com.google.gson.Gson.fromJson(Gson.java:887) ~[Gson.class:?]
	at com.google.gson.Gson.fromJson(Gson.java:952) ~[Gson.class:?]
	at com.google.gson.internal.bind.TreeTypeAdapter$GsonContextImpl.deserialize(TreeTypeAdapter.java:162) ~[TreeTypeAdapter$GsonContextImpl.class:?]
	at net.minecraft.util.JsonUtils.func_188179_a(SourceFile:439) ~[rc.class:?]
	at net.minecraft.util.JsonUtils.func_188177_a(SourceFile:455) ~[rc.class:?]
	at net.minecraft.advancements.Advancement$Builder.func_192059_a(SourceFile:203) ~[i$a.class:?]
	at net.minecraft.advancements.AdvancementManager$1.deserialize(AdvancementManager.java:50) ~[ns$1.class:?]
	at net.minecraft.advancements.AdvancementManager$1.deserialize(AdvancementManager.java:46) ~[ns$1.class:?]
	at com.google.gson.internal.bind.TreeTypeAdapter.read(TreeTypeAdapter.java:69) ~[TreeTypeAdapter.class:?]
	at net.minecraft.util.JsonUtils.func_188173_a(SourceFile:492) ~[rc.class:?]
	at net.minecraft.util.JsonUtils.func_193839_a(SourceFile:532) ~[rc.class:?]
	at net.minecraft.advancements.AdvancementManager.func_192777_a(AdvancementManager.java:184) [ns.class:?]
	at net.minecraft.advancements.AdvancementManager.func_192779_a(AdvancementManager.java:68) [ns.class:?]
	at net.minecraft.advancements.AdvancementManager.<init>(AdvancementManager.java:60) [ns.class:?]
	at net.minecraft.world.WorldServer.func_175643_b(WorldServer.java:156) [oo.class:?]
	at net.minecraft.server.MinecraftServer.func_71247_a(MinecraftServer.java:298) [MinecraftServer.class:?]
	at net.minecraft.server.dedicated.DedicatedServer.func_71197_b(DedicatedServer.java:270) [nz.class:?]
	at net.minecraft.server.MinecraftServer.run(MinecraftServer.java:486) [MinecraftServer.class:?]
	at java.lang.Thread.run(Thread.java:750) [?:1.8.0_482]
[21:58:33] [Server thread/ERROR] [net.minecraft.advancements.AdvancementList]: Couldn't load advancement bhc:main/green_heart_canister: Task Advancement{parentId=bhc:main/green_heart, display=net.minecraft.advancements.DisplayInfo@1b81add6, rewards=AdvancementRewards{experience=0, loot=[], recipes=[], function=null}, criteria={green_heart_canister_in_inventory=net.minecraft.advancements.Criterion@461f6d20}, requirements=[[green_heart_canister_in_inventory]]}
[21:58:33] [Server thread/ERROR] [net.minecraft.advancements.AdvancementList]: Couldn't load advancement bhc:main/green_heart: Task Advancement{parentId=bhc:main/orange_heart, display=net.minecraft.advancements.DisplayInfo@6e199e9a, rewards=AdvancementRewards{experience=0, loot=[], recipes=[], function=null}, criteria={green_heart_in_inventory=net.minecraft.advancements.Criterion@53d29814}, requirements=[[green_heart_in_inventory]]}
[21:58:33] [Server thread/ERROR] [net.minecraft.advancements.AdvancementList]: Couldn't load advancement bhc:main/blue_heart: Task Advancement{parentId=bhc:main/green_heart, display=net.minecraft.advancements.DisplayInfo@26c79065, rewards=AdvancementRewards{experience=0, loot=[], recipes=[], function=null}, criteria={heart_heart_in_inventory=net.minecraft.advancements.Criterion@6112ae91}, requirements=[[heart_heart_in_inventory]]}
[21:58:33] [Server thread/ERROR] [net.minecraft.advancements.AdvancementList]: Couldn't load advancement bhc:main/heart_amulet: Task Advancement{parentId=bhc:main/blue_heart_canister, display=net.minecraft.advancements.DisplayInfo@fc860b5, rewards=AdvancementRewards{experience=0, loot=[], recipes=[], function=null}, criteria={heart_amulet_in_inventory=net.minecraft.advancements.Criterion@7b5a31fb}, requirements=[[heart_amulet_in_inventory]]}
[21:58:33] [Server thread/ERROR] [net.minecraft.advancements.AdvancementList]: Couldn't load advancement bhc:main/blue_heart_canister: Task Advancement{parentId=bhc:main/blue_heart, display=net.minecraft.advancements.DisplayInfo@57ab4fbe, rewards=AdvancementRewards{experience=0, loot=[], recipes=[], function=null}, criteria={blue_heart_canister_in_inventory=net.minecraft.advancements.Criterion@7dd46959}, requirements=[[blue_heart_canister_in_inventory]]}
[21:58:33] [Server thread/INFO] [net.minecraft.advancements.AdvancementList]: Loaded 611 advancements
[21:58:33] [Server thread/INFO] [FML]: Loading dimension -1 (world) (net.minecraft.server.dedicated.DedicatedServer@1e98c29b)
[21:58:33] [Server thread/INFO] [FML]: Loading dimension 1 (world) (net.minecraft.server.dedicated.DedicatedServer@1e98c29b)
[21:58:33] [Server thread/INFO] [FML]: Loading dimension 2 (world) (net.minecraft.server.dedicated.DedicatedServer@1e98c29b)
[21:58:33] [Server thread/INFO] [net.minecraft.server.MinecraftServer]: Preparing start region for level 0
[21:58:34] [Server thread/INFO] [net.minecraft.server.MinecraftServer]: Preparing spawn area: 22%
[21:58:35] [Server thread/INFO] [net.minecraft.server.MinecraftServer]: Preparing spawn area: 99%
[21:58:35] [Server thread/INFO] [net.minecraft.server.dedicated.DedicatedServer]: Done (3.319s)! For help, type "help" or "?"
[21:58:35] [Server thread/INFO] [FML]: Unloading dimension -1
[21:58:35] [Server thread/INFO] [FML]: Unloading dimension 1
[21:59:06] [Server thread/INFO] [net.minecraft.server.dedicated.DedicatedServer]: Opped C0LIGAMES
[21:59:12] [Server thread/WARN] [net.minecraft.network.datasync.EntityDataManager]: defineId called for: class net.minecraft.entity.player.EntityPlayer from class techguns.capabilities.TGExtendedPlayer
[21:59:12] [Server thread/WARN] [net.minecraft.network.datasync.EntityDataManager]: defineId called for: class net.minecraft.entity.player.EntityPlayer from class techguns.capabilities.TGExtendedPlayer
[21:59:12] [Server thread/WARN] [net.minecraft.network.datasync.EntityDataManager]: defineId called for: class net.minecraft.entity.player.EntityPlayer from class techguns.capabilities.TGExtendedPlayer
[21:59:12] [Server thread/WARN] [net.minecraft.network.datasync.EntityDataManager]: defineId called for: class net.minecraft.entity.player.EntityPlayer from class techguns.capabilities.TGExtendedPlayer
[21:59:13] [Netty Epoll Server IO #2/INFO] [FML]: Client protocol version 2
[21:59:13] [Netty Epoll Server IO #2/INFO] [FML]: Client attempting to join with 64 mods : dldungeonsjbg@1.14.14,cgm@0.15.3,jee@1.0.8,bountifulbaubles@0.0.1,bedfix@1.0.0,jei@4.16.1.1013,futuremc@0.2.6,xaerolib@1.0.44,xaerolib_core@1.12.2-1.0,ivtoolkit@1.3.3-1.12,techguns_core@1.12.2-1.0,neat@1.4-17,mcp@9.42,nocubessrpnests@3.0.0,appliedenergistics2@rv6-stable-7,hermitsarsenal@V1,travelersbackpack@1.0.35,bookshelf@2.3.590,forgelin@1.8.4,harvestcraft@1.12.2zb,additionalstructures@2.5.0,hordes@1.5.3c,srpmeshi@1.8,jeresources@0.9.3.203,nocubessrpsurvival@3.0.0,forge@14.23.5.2861,srmonstress@1.0.2,tlskincape@1.12.2,morearmor@1.3.5,eplus@5.0.179,corpse@1.12.2-1.0.8,minecraft@1.12.2,nocubessrparmory@3.0.0,dungeons2@2.0.0,nocubesrptweaks@V5.1,jehc@1.7.2,baubles@1.5.2,reccomplex@1.4.8.6,vehicle@0.44.1,srptweaks@V2,cat@0.1,roguelike@2.4.6,bloodmoon@1.5.3,mantle@1.12-1.3.3.55,spartanshields@1.5.5,xaerominimap@25.3.5,bhc@2.0.3,securitycraft@v1.10.1,futurefireproof@1.2.3,FML@8.0.99.99,obfuscate@0.4.2,gottschcore@1.15.1,spartannetherite@1.2.1,atlaslib@1.1.9,srparasites@1.9.21,spartanweaponry@1.6.1,tbintegration@1.0.1,xaerominimap_core@1.12.2-1.0,overpoweredarmorbar@@VERSION@,bettermineshafts@1.12.2-2.2.1,swparasites@v4,overlast@0.0.2,techguns@2.0.2.0,betteradvancements@0.1.0.77
[21:59:14] [Server thread/INFO] [FML]: [Server thread] Server side modded connection established
[21:59:14] [Server thread/INFO] [net.minecraft.server.management.PlayerList]: C0LIGAMES[/127.53.118.236:52373] logged in with entity id 202 at (9.699999988079071, 6.0, -22.534579020772618)
[21:59:14] [Server thread/INFO] [net.minecraft.server.dedicated.DedicatedServer]: C0LIGAMES joined the game
[21:59:15] [Server thread/INFO] [bountifulbaubles]: Attempting to sync config to player C0LIGAMES
[21:59:16] [Server thread/WARN] [net.minecraft.network.datasync.EntityDataManager]: defineId called for: class de.maxhenkel.corpse.entities.EntityCorpse from class de.maxhenkel.corpse.entities.EntityCorpseInventoryBase
[21:59:21] [Netty Epoll Server IO #4/INFO] [FML]: Client protocol version 2
[21:59:21] [Netty Epoll Server IO #4/INFO] [FML]: Client attempting to join with 64 mods : dldungeonsjbg@1.14.14,cgm@0.15.3,jee@1.0.8,bountifulbaubles@0.0.1,bedfix@1.0.0,jei@4.16.1.1013,futuremc@0.2.6,xaerolib@1.0.44,xaerolib_core@1.12.2-1.0,ivtoolkit@1.3.3-1.12,techguns_core@1.12.2-1.0,neat@1.4-17,mcp@9.42,nocubessrpnests@3.0.0,appliedenergistics2@rv6-stable-7,hermitsarsenal@V1,travelersbackpack@1.0.35,bookshelf@2.3.590,forgelin@1.8.4,harvestcraft@1.12.2zb,additionalstructures@2.5.0,hordes@1.5.3c,srpmeshi@1.8,jeresources@0.9.3.203,nocubessrpsurvival@3.0.0,forge@14.23.5.2861,srmonstress@1.0.2,tlskincape@1.12.2,morearmor@1.3.5,eplus@5.0.179,corpse@1.12.2-1.0.8,minecraft@1.12.2,nocubessrparmory@3.0.0,dungeons2@2.0.0,nocubesrptweaks@V5.1,jehc@1.7.2,baubles@1.5.2,reccomplex@1.4.8.6,vehicle@0.44.1,srptweaks@V2,cat@0.1,roguelike@2.4.6,bloodmoon@1.5.3,mantle@1.12-1.3.3.55,spartanshields@1.5.5,xaerominimap@25.3.5,bhc@2.0.3,securitycraft@v1.10.1,futurefireproof@1.2.3,FML@8.0.99.99,obfuscate@0.4.2,gottschcore@1.15.1,spartannetherite@1.2.1,atlaslib@1.1.9,srparasites@1.9.21,spartanweaponry@1.6.1,tbintegration@1.0.1,xaerominimap_core@1.12.2-1.0,overpoweredarmorbar@@VERSION@,bettermineshafts@1.12.2-2.2.1,swparasites@v4,overlast@0.0.2,techguns@2.0.2.0,betteradvancements@0.1.0.77
[21:59:23] [Server thread/INFO] [FML]: [Server thread] Server side modded connection established
[21:59:23] [Server thread/INFO] [net.minecraft.server.management.PlayerList]: joaocover[/127.235.255.103:59223] logged in with entity id 3181 at (-0.48750001192092884, 49.13375904580109, -14.594447523547768)
[21:59:23] [Server thread/INFO] [net.minecraft.server.dedicated.DedicatedServer]: joaocover joined the game
[21:59:23] [Server thread/INFO] [bountifulbaubles]: Attempting to sync config to player joaocover
[22:00:00] [Server thread/WARN] [net.minecraft.entity.EntityTrackerEntry]: Fetching addPacket for removed entity
[22:00:00] [Server thread/WARN] [net.minecraft.entity.EntityTrackerEntry]: Fetching addPacket for removed entity
[22:00:19] [Server thread/WARN] [net.minecraft.entity.EntityTrackerEntry]: Fetching addPacket for removed entity
[22:00:19] [Server thread/WARN] [net.minecraft.entity.EntityTrackerEntry]: Fetching addPacket for removed entity
[22:00:21] [Server thread/INFO] [FML]: Loading dimension -1 (world) (net.minecraft.server.dedicated.DedicatedServer@1e98c29b)
[22:00:22] [Server thread/INFO] [FML]: Unloading dimension -1
[22:00:34] [Server thread/WARN] [net.minecraft.entity.EntityTrackerEntry]: Fetching addPacket for removed entity
[22:00:34] [Server thread/WARN] [net.minecraft.entity.EntityTrackerEntry]: Fetching addPacket for removed entity
[22:00:34] [Server thread/WARN] [net.minecraft.entity.EntityTrackerEntry]: Fetching addPacket for removed entity
[22:00:34] [Server thread/WARN] [net.minecraft.entity.EntityTrackerEntry]: Fetching addPacket for removed entity
[22:00:48] [Server thread/WARN] [net.minecraft.entity.EntityTrackerEntry]: Fetching addPacket for removed entity
[22:00:48] [Server thread/WARN] [net.minecraft.entity.EntityTrackerEntry]: Fetching addPacket for removed entity
[22:00:53] [Server thread/WARN] [net.minecraft.entity.EntityTrackerEntry]: Fetching addPacket for removed entity
[22:00:53] [Server thread/WARN] [net.minecraft.entity.EntityTrackerEntry]: Fetching addPacket for removed entity
[22:00:55] [Server thread/INFO] [net.minecraft.server.dedicated.DedicatedServer]: [C0LIGAMES: Set own game mode to Spectator Mode]
[22:01:01] [Server thread/WARN] [net.minecraft.entity.EntityTrackerEntry]: Fetching addPacket for removed entity
[22:01:01] [Server thread/WARN] [net.minecraft.entity.EntityTrackerEntry]: Fetching addPacket for removed entity
[22:01:03] [Server thread/WARN] [net.minecraft.entity.EntityTrackerEntry]: Fetching addPacket for removed entity
[22:01:03] [Server thread/WARN] [net.minecraft.entity.EntityTrackerEntry]: Fetching addPacket for removed entity
[22:01:08] [Server thread/WARN] [net.minecraft.entity.EntityTrackerEntry]: Fetching addPacket for removed entity
[22:01:08] [Server thread/WARN] [net.minecraft.entity.EntityTrackerEntry]: Fetching addPacket for removed entity
[22:01:11] [Server thread/WARN] [net.minecraft.entity.EntityTrackerEntry]: Fetching addPacket for removed entity
[22:01:11] [Server thread/WARN] [net.minecraft.entity.EntityTrackerEntry]: Fetching addPacket for removed entity
[22:01:15] [Server thread/WARN] [net.minecraft.entity.EntityTrackerEntry]: Fetching addPacket for removed entity
[22:01:15] [Server thread/WARN] [net.minecraft.entity.EntityTrackerEntry]: Fetching addPacket for removed entity
[22:01:23] [Server thread/WARN] [net.minecraft.entity.EntityTrackerEntry]: Fetching addPacket for removed entity
[22:01:23] [Server thread/WARN] [net.minecraft.entity.EntityTrackerEntry]: Fetching addPacket for removed entity
[22:01:29] [Server thread/WARN] [net.minecraft.entity.EntityTrackerEntry]: Fetching addPacket for removed entity
[22:01:29] [Server thread/WARN] [net.minecraft.entity.EntityTrackerEntry]: Fetching addPacket for removed entity
[22:01:29] [Server thread/WARN] [net.minecraft.entity.EntityTrackerEntry]: Fetching addPacket for removed entity
[22:01:29] [Server thread/WARN] [net.minecraft.entity.EntityTrackerEntry]: Fetching addPacket for removed entity
[22:01:30] [Server thread/WARN] [net.minecraft.entity.EntityTrackerEntry]: Fetching addPacket for removed entity
[22:01:30] [Server thread/WARN] [net.minecraft.entity.EntityTrackerEntry]: Fetching addPacket for removed entity
[22:01:31] [Server thread/WARN] [net.minecraft.entity.EntityTrackerEntry]: Fetching addPacket for removed entity
[22:01:31] [Server thread/WARN] [net.minecraft.entity.EntityTrackerEntry]: Fetching addPacket for removed entity
[22:01:32] [Server thread/INFO] [net.minecraft.server.dedicated.DedicatedServer]: [C0LIGAMES: Set own game mode to Survival Mode]
[22:01:34] [Server thread/WARN] [net.minecraft.entity.EntityTrackerEntry]: Fetching addPacket for removed entity
[22:01:34] [Server thread/WARN] [net.minecraft.entity.EntityTrackerEntry]: Fetching addPacket for removed entity
[22:01:42] [Server thread/WARN] [net.minecraft.entity.EntityTrackerEntry]: Fetching addPacket for removed entity
[22:01:42] [Server thread/WARN] [net.minecraft.entity.EntityTrackerEntry]: Fetching addPacket for removed entity
[22:01:43] [Server thread/WARN] [net.minecraft.entity.EntityTrackerEntry]: Fetching addPacket for removed entity
[22:01:43] [Server thread/WARN] [net.minecraft.entity.EntityTrackerEntry]: Fetching addPacket for removed entity
[22:01:43] [Server thread/WARN] [net.minecraft.entity.EntityTrackerEntry]: Fetching addPacket for removed entity
[22:01:43] [Server thread/WARN] [net.minecraft.entity.EntityTrackerEntry]: Fetching addPacket for removed entity
[22:01:43] [Server thread/WARN] [net.minecraft.entity.EntityTrackerEntry]: Fetching addPacket for removed entity
[22:01:43] [Server thread/WARN] [net.minecraft.entity.EntityTrackerEntry]: Fetching addPacket for removed entity
[22:01:43] [Server thread/WARN] [net.minecraft.entity.EntityTrackerEntry]: Fetching addPacket for removed entity
[22:01:43] [Server thread/WARN] [net.minecraft.entity.EntityTrackerEntry]: Fetching addPacket for removed entity
[22:01:43] [Server thread/WARN] [net.minecraft.entity.EntityTrackerEntry]: Fetching addPacket for removed entity
[22:01:43] [Server thread/WARN] [net.minecraft.entity.EntityTrackerEntry]: Fetching addPacket for removed entity
[22:01:50] [Server thread/WARN] [net.minecraft.entity.EntityTrackerEntry]: Fetching addPacket for removed entity
[22:01:50] [Server thread/WARN] [net.minecraft.entity.EntityTrackerEntry]: Fetching addPacket for removed entity
[22:01:53] [Server thread/WARN] [net.minecraft.entity.EntityTrackerEntry]: Fetching addPacket for removed entity
[22:01:53] [Server thread/WARN] [net.minecraft.entity.EntityTrackerEntry]: Fetching addPacket for removed entity
[22:02:00] [Server thread/WARN] [net.minecraft.entity.EntityTrackerEntry]: Fetching addPacket for removed entity
[22:02:00] [Server thread/WARN] [net.minecraft.entity.EntityTrackerEntry]: Fetching addPacket for removed entity
[22:02:00] [Server thread/WARN] [net.minecraft.entity.EntityTrackerEntry]: Fetching addPacket for removed entity
[22:02:00] [Server thread/WARN] [net.minecraft.entity.EntityTrackerEntry]: Fetching addPacket for removed entity
[22:02:00] [Server thread/WARN] [net.minecraft.entity.EntityTrackerEntry]: Fetching addPacket for removed entity
[22:02:00] [Server thread/WARN] [net.minecraft.entity.EntityTrackerEntry]: Fetching addPacket for removed entity
[22:02:05] [Server thread/INFO] [net.minecraft.server.dedicated.DedicatedServer]: [C0LIGAMES: Teleported joaocover to 9.5, 3.0, -27.5]
[22:02:27] [Server thread/INFO] [net.minecraft.server.dedicated.DedicatedServer]: C0LIGAMES has made the advancement [Cover Me With Diamonds]
[22:03:05] [Server thread/WARN] [net.minecraft.entity.EntityTrackerEntry]: Fetching addPacket for removed entity
[22:03:05] [Server thread/WARN] [net.minecraft.entity.EntityTrackerEntry]: Fetching addPacket for removed entity
[22:03:07] [Server thread/WARN] [net.minecraft.entity.EntityTrackerEntry]: Fetching addPacket for removed entity
[22:03:07] [Server thread/WARN] [net.minecraft.entity.EntityTrackerEntry]: Fetching addPacket for removed entity
[22:03:17] [Server thread/WARN] [net.minecraft.entity.EntityTrackerEntry]: Fetching addPacket for removed entity
[22:03:17] [Server thread/WARN] [net.minecraft.entity.EntityTrackerEntry]: Fetching addPacket for removed entity
[22:03:19] [Server thread/WARN] [net.minecraft.entity.EntityTrackerEntry]: Fetching addPacket for removed entity
[22:03:19] [Server thread/WARN] [net.minecraft.entity.EntityTrackerEntry]: Fetching addPacket for removed entity
[22:03:24] [Server thread/WARN] [net.minecraft.entity.EntityTrackerEntry]: Fetching addPacket for removed entity
[22:03:24] [Server thread/WARN] [net.minecraft.entity.EntityTrackerEntry]: Fetching addPacket for removed entity
[22:03:41] [Server thread/WARN] [net.minecraft.entity.EntityTrackerEntry]: Fetching addPacket for removed entity
[22:03:41] [Server thread/WARN] [net.minecraft.entity.EntityTrackerEntry]: Fetching addPacket for removed entity
[22:03:44] [Server thread/INFO] [net.minecraft.server.dedicated.DedicatedServer]: [C0LIGAMES: Set own game mode to Spectator Mode]
[22:03:46] [Server thread/WARN] [net.minecraft.entity.EntityTrackerEntry]: Fetching addPacket for removed entity
[22:03:46] [Server thread/WARN] [net.minecraft.entity.EntityTrackerEntry]: Fetching addPacket for removed entity
[22:04:26] [Server thread/WARN] [net.minecraft.entity.EntityTrackerEntry]: Fetching addPacket for removed entity
[22:04:26] [Server thread/WARN] [net.minecraft.entity.EntityTrackerEntry]: Fetching addPacket for removed entity
[22:04:34] [Server thread/WARN] [net.minecraft.entity.EntityTrackerEntry]: Fetching addPacket for removed entity
[22:04:34] [Server thread/WARN] [net.minecraft.entity.EntityTrackerEntry]: Fetching addPacket for removed entity
[22:04:35] [Server thread/WARN] [net.minecraft.entity.EntityTrackerEntry]: Fetching addPacket for removed entity
[22:04:35] [Server thread/WARN] [net.minecraft.entity.EntityTrackerEntry]: Fetching addPacket for removed entity
[22:04:37] [Server thread/WARN] [net.minecraft.entity.EntityTrackerEntry]: Fetching addPacket for removed entity
[22:04:37] [Server thread/WARN] [net.minecraft.entity.EntityTrackerEntry]: Fetching addPacket for removed entity
[22:04:47] [Server thread/WARN] [net.minecraft.entity.EntityTrackerEntry]: Fetching addPacket for removed entity
[22:04:47] [Server thread/WARN] [net.minecraft.entity.EntityTrackerEntry]: Fetching addPacket for removed entity
[22:05:31] [Server thread/WARN] [net.minecraft.entity.EntityTrackerEntry]: Fetching addPacket for removed entity
[22:05:31] [Server thread/WARN] [net.minecraft.entity.EntityTrackerEntry]: Fetching addPacket for removed entity
[22:05:38] [Server thread/INFO] [FML]: Loading dimension -1 (world) (net.minecraft.server.dedicated.DedicatedServer@1e98c29b)
[22:05:39] [Server thread/INFO] [FML]: Unloading dimension -1
[22:06:03] [Server thread/WARN] [net.minecraft.entity.EntityTrackerEntry]: Fetching addPacket for removed entity
[22:06:03] [Server thread/WARN] [net.minecraft.entity.EntityTrackerEntry]: Fetching addPacket for removed entity
[22:06:05] [Server thread/WARN] [net.minecraft.entity.EntityTrackerEntry]: Fetching addPacket for removed entity
[22:06:05] [Server thread/WARN] [net.minecraft.entity.EntityTrackerEntry]: Fetching addPacket for removed entity
[22:06:18] [Server thread/WARN] [net.minecraft.entity.EntityTrackerEntry]: Fetching addPacket for removed entity
[22:06:18] [Server thread/WARN] [net.minecraft.entity.EntityTrackerEntry]: Fetching addPacket for removed entity
[22:06:43] [Server thread/INFO] [net.minecraft.server.dedicated.DedicatedServer]: [C0LIGAMES: Set own game mode to Survival Mode]
[22:07:36] [Server thread/WARN] [net.minecraft.entity.EntityTrackerEntry]: Fetching addPacket for removed entity
[22:07:36] [Server thread/WARN] [net.minecraft.entity.EntityTrackerEntry]: Fetching addPacket for removed entity
[22:07:40] [Server thread/INFO] [net.minecraft.network.NetHandlerPlayServer]: C0LIGAMES lost connection: Disconnected
[22:07:40] [Server thread/INFO] [net.minecraft.server.dedicated.DedicatedServer]: C0LIGAMES left the game
[22:07:45] [Server thread/WARN] [net.minecraft.entity.EntityTrackerEntry]: Fetching addPacket for removed entity
[22:07:47] [Server thread/WARN] [net.minecraft.entity.EntityTrackerEntry]: Fetching addPacket for removed entity
[22:08:08] [Server thread/WARN] [net.minecraft.entity.EntityTrackerEntry]: Fetching addPacket for removed entity
[22:08:20] [Server thread/WARN] [net.minecraft.entity.EntityTrackerEntry]: Fetching addPacket for removed entity
[22:08:20] [Server thread/WARN] [net.minecraft.entity.EntityTrackerEntry]: Fetching addPacket for removed entity
[22:08:20] [Server thread/WARN] [net.minecraft.entity.EntityTrackerEntry]: Fetching addPacket for removed entity
[22:08:27] [Server thread/WARN] [net.minecraft.entity.EntityTrackerEntry]: Fetching addPacket for removed entity
[22:08:27] [Server thread/WARN] [net.minecraft.entity.EntityTrackerEntry]: Fetching addPacket for removed entity
[22:08:29] [Server thread/WARN] [net.minecraft.entity.EntityTrackerEntry]: Fetching addPacket for removed entity
[22:08:48] [Server thread/WARN] [net.minecraft.entity.EntityTrackerEntry]: Fetching addPacket for removed entity
[22:08:50] [Server thread/WARN] [net.minecraft.entity.EntityTrackerEntry]: Fetching addPacket for removed entity
[22:08:52] [Server thread/WARN] [net.minecraft.entity.EntityTrackerEntry]: Fetching addPacket for removed entity
[22:08:57] [Server thread/WARN] [net.minecraft.entity.EntityTrackerEntry]: Fetching addPacket for removed entity
[22:09:14] [Netty Epoll Server IO #6/INFO] [FML]: Client protocol version 2
[22:09:14] [Netty Epoll Server IO #6/INFO] [FML]: Client attempting to join with 64 mods : dldungeonsjbg@1.14.14,cgm@0.15.3,jee@1.0.8,bountifulbaubles@0.0.1,bedfix@1.0.0,jei@4.16.1.1013,futuremc@0.2.6,xaerolib@1.0.44,xaerolib_core@1.12.2-1.0,ivtoolkit@1.3.3-1.12,techguns_core@1.12.2-1.0,neat@1.4-17,mcp@9.42,nocubessrpnests@3.0.0,appliedenergistics2@rv6-stable-7,hermitsarsenal@V1,travelersbackpack@1.0.35,bookshelf@2.3.590,forgelin@1.8.4,harvestcraft@1.12.2zb,additionalstructures@2.5.0,hordes@1.5.3c,srpmeshi@1.8,jeresources@0.9.3.203,nocubessrpsurvival@3.0.0,forge@14.23.5.2861,srmonstress@1.0.2,tlskincape@1.12.2,morearmor@1.3.5,eplus@5.0.179,corpse@1.12.2-1.0.8,minecraft@1.12.2,nocubessrparmory@3.0.0,dungeons2@2.0.0,nocubesrptweaks@V5.1,jehc@1.7.2,baubles@1.5.2,reccomplex@1.4.8.6,vehicle@0.44.1,srptweaks@V2,cat@0.1,roguelike@2.4.6,bloodmoon@1.5.3,mantle@1.12-1.3.3.55,spartanshields@1.5.5,xaerominimap@25.3.5,bhc@2.0.3,securitycraft@v1.10.1,futurefireproof@1.2.3,FML@8.0.99.99,obfuscate@0.4.2,gottschcore@1.15.1,spartannetherite@1.2.1,atlaslib@1.1.9,srparasites@1.9.21,spartanweaponry@1.6.1,tbintegration@1.0.1,xaerominimap_core@1.12.2-1.0,overpoweredarmorbar@@VERSION@,bettermineshafts@1.12.2-2.2.1,swparasites@v4,overlast@0.0.2,techguns@2.0.2.0,betteradvancements@0.1.0.77
[22:09:15] [Server thread/WARN] [net.minecraft.entity.EntityTrackerEntry]: Fetching addPacket for removed entity
[22:09:16] [Server thread/INFO] [FML]: [Server thread] Server side modded connection established
[22:09:16] [Server thread/INFO] [net.minecraft.server.management.PlayerList]: C0LIGAMES[/127.53.118.236:50859] logged in with entity id 285814 at (10.52466302980271, 10.0, -21.300000011920933)
[22:09:16] [Server thread/INFO] [net.minecraft.server.dedicated.DedicatedServer]: C0LIGAMES joined the game
[22:09:16] [Server thread/INFO] [bountifulbaubles]: Attempting to sync config to player C0LIGAMES
[22:09:23] [Server thread/WARN] [net.minecraft.entity.EntityTrackerEntry]: Fetching addPacket for removed entity
[22:09:23] [Server thread/WARN] [net.minecraft.entity.EntityTrackerEntry]: Fetching addPacket for removed entity
[22:09:24] [Server thread/WARN] [net.minecraft.entity.EntityTrackerEntry]: Fetching addPacket for removed entity
[22:09:24] [Server thread/WARN] [net.minecraft.entity.EntityTrackerEntry]: Fetching addPacket for removed entity
[22:09:36] [Server thread/WARN] [net.minecraft.entity.EntityTrackerEntry]: Fetching addPacket for removed entity
[22:09:36] [Server thread/WARN] [net.minecraft.entity.EntityTrackerEntry]: Fetching addPacket for removed entity
[22:09:38] [Server thread/WARN] [net.minecraft.entity.EntityTrackerEntry]: Fetching addPacket for removed entity
[22:09:38] [Server thread/WARN] [net.minecraft.entity.EntityTrackerEntry]: Fetching addPacket for removed entity
[22:09:38] [Server thread/WARN] [net.minecraft.entity.EntityTrackerEntry]: Fetching addPacket for removed entity
[22:09:38] [Server thread/WARN] [net.minecraft.entity.EntityTrackerEntry]: Fetching addPacket for removed entity
[22:09:41] [Server thread/WARN] [net.minecraft.entity.EntityTrackerEntry]: Fetching addPacket for removed entity
[22:09:41] [Server thread/WARN] [net.minecraft.entity.EntityTrackerEntry]: Fetching addPacket for removed entity
[22:09:49] [Server thread/WARN] [net.minecraft.entity.EntityTrackerEntry]: Fetching addPacket for removed entity
[22:09:49] [Server thread/WARN] [net.minecraft.entity.EntityTrackerEntry]: Fetching addPacket for removed entity
[22:10:01] [Server thread/WARN] [net.minecraft.entity.EntityTrackerEntry]: Fetching addPacket for removed entity
[22:10:01] [Server thread/WARN] [net.minecraft.entity.EntityTrackerEntry]: Fetching addPacket for removed entity
[22:10:01] [Server thread/WARN] [net.minecraft.entity.EntityTrackerEntry]: Fetching addPacket for removed entity
[22:10:01] [Server thread/WARN] [net.minecraft.entity.EntityTrackerEntry]: Fetching addPacket for removed entity
[22:10:02] [Server thread/WARN] [net.minecraft.entity.EntityTrackerEntry]: Fetching addPacket for removed entity
[22:10:02] [Server thread/WARN] [net.minecraft.entity.EntityTrackerEntry]: Fetching addPacket for removed entity
[22:10:04] [Server thread/WARN] [net.minecraft.entity.EntityTrackerEntry]: Fetching addPacket for removed entity
[22:10:04] [Server thread/WARN] [net.minecraft.entity.EntityTrackerEntry]: Fetching addPacket for removed entity
[22:10:08] [Server thread/WARN] [net.minecraft.entity.EntityTrackerEntry]: Fetching addPacket for removed entity
[22:10:08] [Server thread/WARN] [net.minecraft.entity.EntityTrackerEntry]: Fetching addPacket for removed entity
[22:10:13] [Server thread/WARN] [net.minecraft.entity.EntityTrackerEntry]: Fetching addPacket for removed entity
[22:10:13] [Server thread/WARN] [net.minecraft.entity.EntityTrackerEntry]: Fetching addPacket for removed entity
[22:10:13] [Server thread/WARN] [net.minecraft.entity.EntityTrackerEntry]: Fetching addPacket for removed entity
[22:10:13] [Server thread/WARN] [net.minecraft.entity.EntityTrackerEntry]: Fetching addPacket for removed entity
[22:10:18] [Server thread/WARN] [net.minecraft.entity.EntityTrackerEntry]: Fetching addPacket for removed entity
[22:10:18] [Server thread/WARN] [net.minecraft.entity.EntityTrackerEntry]: Fetching addPacket for removed entity
[22:10:18] [Server thread/WARN] [net.minecraft.entity.EntityTrackerEntry]: Fetching addPacket for removed entity
[22:10:18] [Server thread/WARN] [net.minecraft.entity.EntityTrackerEntry]: Fetching addPacket for removed entity
[22:10:21] [Server thread/WARN] [net.minecraft.entity.EntityTrackerEntry]: Fetching addPacket for removed entity
[22:10:21] [Server thread/WARN] [net.minecraft.entity.EntityTrackerEntry]: Fetching addPacket for removed entity
[22:10:33] [Server thread/WARN] [net.minecraft.entity.EntityTrackerEntry]: Fetching addPacket for removed entity
[22:10:33] [Server thread/WARN] [net.minecraft.entity.EntityTrackerEntry]: Fetching addPacket for removed entity
[22:10:33] [Server thread/WARN] [net.minecraft.entity.EntityTrackerEntry]: Fetching addPacket for removed entity
[22:10:33] [Server thread/WARN] [net.minecraft.entity.EntityTrackerEntry]: Fetching addPacket for removed entity
[22:10:48] [Server thread/INFO] [FML]: Loading dimension -1 (world) (net.minecraft.server.dedicated.DedicatedServer@1e98c29b)
[22:10:49] [Server thread/INFO] [FML]: Unloading dimension -1
[22:10:55] [Server thread/WARN] [net.minecraft.entity.EntityTrackerEntry]: Fetching addPacket for removed entity
[22:10:55] [Server thread/WARN] [net.minecraft.entity.EntityTrackerEntry]: Fetching addPacket for removed entity
[22:10:55] [Server thread/WARN] [net.minecraft.entity.EntityTrackerEntry]: Fetching addPacket for removed entity
[22:10:55] [Server thread/WARN] [net.minecraft.entity.EntityTrackerEntry]: Fetching addPacket for removed entity
[22:11:19] [Server thread/WARN] [net.minecraft.entity.EntityTrackerEntry]: Fetching addPacket for removed entity
[22:11:19] [Server thread/WARN] [net.minecraft.entity.EntityTrackerEntry]: Fetching addPacket for removed entity
[22:11:24] [Server thread/WARN] [net.minecraft.entity.EntityTrackerEntry]: Fetching addPacket for removed entity
[22:11:24] [Server thread/WARN] [net.minecraft.entity.EntityTrackerEntry]: Fetching addPacket for removed entity
[22:11:37] [Server thread/WARN] [net.minecraft.entity.EntityTrackerEntry]: Fetching addPacket for removed entity
[22:11:37] [Server thread/WARN] [net.minecraft.entity.EntityTrackerEntry]: Fetching addPacket for removed entity
[22:11:44] [Server thread/WARN] [net.minecraft.entity.EntityTrackerEntry]: Fetching addPacket for removed entity
[22:11:44] [Server thread/WARN] [net.minecraft.entity.EntityTrackerEntry]: Fetching addPacket for removed entity
[22:11:51] [Server thread/WARN] [net.minecraft.entity.EntityTrackerEntry]: Fetching addPacket for removed entity
[22:11:51] [Server thread/WARN] [net.minecraft.entity.EntityTrackerEntry]: Fetching addPacket for removed entity
[22:11:54] [Server thread/WARN] [net.minecraft.entity.EntityTrackerEntry]: Fetching addPacket for removed entity
[22:11:54] [Server thread/WARN] [net.minecraft.entity.EntityTrackerEntry]: Fetching addPacket for removed entity
[22:11:54] [Server thread/WARN] [net.minecraft.entity.EntityTrackerEntry]: Fetching addPacket for removed entity
[22:11:54] [Server thread/WARN] [net.minecraft.entity.EntityTrackerEntry]: Fetching addPacket for removed entity
[22:11:55] [Server thread/WARN] [net.minecraft.entity.EntityTrackerEntry]: Fetching addPacket for removed entity
[22:11:55] [Server thread/WARN] [net.minecraft.entity.EntityTrackerEntry]: Fetching addPacket for removed entity
[22:12:18] [Server thread/WARN] [net.minecraft.entity.EntityTrackerEntry]: Fetching addPacket for removed entity
[22:12:18] [Server thread/WARN] [net.minecraft.entity.EntityTrackerEntry]: Fetching addPacket for removed entity
[22:12:18] [Server thread/WARN] [net.minecraft.entity.EntityTrackerEntry]: Fetching addPacket for removed entity
[22:12:18] [Server thread/WARN] [net.minecraft.entity.EntityTrackerEntry]: Fetching addPacket for removed entity
[22:12:25] [Server thread/WARN] [net.minecraft.entity.EntityTrackerEntry]: Fetching addPacket for removed entity
[22:12:25] [Server thread/WARN] [net.minecraft.entity.EntityTrackerEntry]: Fetching addPacket for removed entity
[22:12:25] [Server thread/WARN] [net.minecraft.entity.EntityTrackerEntry]: Fetching addPacket for removed entity
[22:12:25] [Server thread/WARN] [net.minecraft.entity.EntityTrackerEntry]: Fetching addPacket for removed entity
[22:12:25] [Server thread/WARN] [net.minecraft.entity.EntityTrackerEntry]: Fetching addPacket for removed entity
[22:12:25] [Server thread/WARN] [net.minecraft.entity.EntityTrackerEntry]: Fetching addPacket for removed entity
[22:12:28] [Server thread/WARN] [net.minecraft.entity.EntityTrackerEntry]: Fetching addPacket for removed entity
[22:12:28] [Server thread/WARN] [net.minecraft.entity.EntityTrackerEntry]: Fetching addPacket for removed entity
[22:12:29] [Server thread/WARN] [net.minecraft.entity.EntityTrackerEntry]: Fetching addPacket for removed entity
[22:12:29] [Server thread/WARN] [net.minecraft.entity.EntityTrackerEntry]: Fetching addPacket for removed entity
[22:12:53] [Server thread/WARN] [net.minecraft.entity.EntityTrackerEntry]: Fetching addPacket for removed entity
[22:12:53] [Server thread/WARN] [net.minecraft.entity.EntityTrackerEntry]: Fetching addPacket for removed entity
[22:12:57] [Server thread/WARN] [net.minecraft.entity.EntityTrackerEntry]: Fetching addPacket for removed entity
[22:12:57] [Server thread/WARN] [net.minecraft.entity.EntityTrackerEntry]: Fetching addPacket for removed entity
[22:13:05] [Server thread/WARN] [net.minecraft.entity.EntityTrackerEntry]: Fetching addPacket for removed entity
[22:13:05] [Server thread/WARN] [net.minecraft.entity.EntityTrackerEntry]: Fetching addPacket for removed entity
[22:13:07] [Server thread/WARN] [net.minecraft.entity.EntityTrackerEntry]: Fetching addPacket for removed entity
[22:13:07] [Server thread/WARN] [net.minecraft.entity.EntityTrackerEntry]: Fetching addPacket for removed entity
[22:13:18] [Server thread/WARN] [net.minecraft.entity.EntityTrackerEntry]: Fetching addPacket for removed entity
[22:13:18] [Server thread/WARN] [net.minecraft.entity.EntityTrackerEntry]: Fetching addPacket for removed entity
[22:13:19] [Server thread/WARN] [net.minecraft.entity.EntityTrackerEntry]: Fetching addPacket for removed entity
[22:13:19] [Server thread/WARN] [net.minecraft.entity.EntityTrackerEntry]: Fetching addPacket for removed entity
[22:13:31] [Server thread/WARN] [net.minecraft.entity.EntityTrackerEntry]: Fetching addPacket for removed entity
[22:13:31] [Server thread/WARN] [net.minecraft.entity.EntityTrackerEntry]: Fetching addPacket for removed entity
[22:13:42] [Server thread/WARN] [net.minecraft.entity.EntityTrackerEntry]: Fetching addPacket for removed entity
[22:13:42] [Server thread/WARN] [net.minecraft.entity.EntityTrackerEntry]: Fetching addPacket for removed entity
[22:13:46] [Server thread/WARN] [net.minecraft.entity.EntityTrackerEntry]: Fetching addPacket for removed entity
[22:13:46] [Server thread/WARN] [net.minecraft.entity.EntityTrackerEntry]: Fetching addPacket for removed entity
[22:13:51] [Server thread/WARN] [net.minecraft.entity.EntityTrackerEntry]: Fetching addPacket for removed entity
[22:13:51] [Server thread/WARN] [net.minecraft.entity.EntityTrackerEntry]: Fetching addPacket for removed entity
[22:13:57] [Server thread/WARN] [net.minecraft.entity.EntityTrackerEntry]: Fetching addPacket for removed entity
[22:13:57] [Server thread/WARN] [net.minecraft.entity.EntityTrackerEntry]: Fetching addPacket for removed entity
[22:14:12] [Server thread/WARN] [net.minecraft.entity.EntityTrackerEntry]: Fetching addPacket for removed entity
[22:14:12] [Server thread/WARN] [net.minecraft.entity.EntityTrackerEntry]: Fetching addPacket for removed entity
[22:14:21] [Server thread/WARN] [net.minecraft.entity.EntityTrackerEntry]: Fetching addPacket for removed entity
[22:14:21] [Server thread/WARN] [net.minecraft.entity.EntityTrackerEntry]: Fetching addPacket for removed entity
[22:14:21] [Server thread/WARN] [net.minecraft.entity.EntityTrackerEntry]: Fetching addPacket for removed entity
[22:14:21] [Server thread/WARN] [net.minecraft.entity.EntityTrackerEntry]: Fetching addPacket for removed entity
[22:14:22] [Server thread/WARN] [net.minecraft.entity.EntityTrackerEntry]: Fetching addPacket for removed entity
[22:14:22] [Server thread/WARN] [net.minecraft.entity.EntityTrackerEntry]: Fetching addPacket for removed entity
[22:14:30] [Server thread/WARN] [net.minecraft.entity.EntityTrackerEntry]: Fetching addPacket for removed entity
[22:14:30] [Server thread/WARN] [net.minecraft.entity.EntityTrackerEntry]: Fetching addPacket for removed entity
[22:14:35] [Server thread/WARN] [net.minecraft.entity.EntityTrackerEntry]: Fetching addPacket for removed entity
[22:14:35] [Server thread/WARN] [net.minecraft.entity.EntityTrackerEntry]: Fetching addPacket for removed entity
[22:14:35] [Server thread/WARN] [net.minecraft.entity.EntityTrackerEntry]: Fetching addPacket for removed entity
[22:14:35] [Server thread/WARN] [net.minecraft.entity.EntityTrackerEntry]: Fetching addPacket for removed entity
[22:14:41] [Server thread/INFO] [net.minecraft.server.dedicated.DedicatedServer]: joaocover has made the advancement [Suit Up]
[22:14:54] [Server thread/WARN] [net.minecraft.entity.EntityTrackerEntry]: Fetching addPacket for removed entity
[22:14:54] [Server thread/WARN] [net.minecraft.entity.EntityTrackerEntry]: Fetching addPacket for removed entity
[22:14:54] [Server thread/WARN] [net.minecraft.entity.EntityTrackerEntry]: Fetching addPacket for removed entity
[22:14:54] [Server thread/WARN] [net.minecraft.entity.EntityTrackerEntry]: Fetching addPacket for removed entity
[22:15:00] [Server thread/WARN] [net.minecraft.entity.EntityTrackerEntry]: Fetching addPacket for removed entity
[22:15:00] [Server thread/WARN] [net.minecraft.entity.EntityTrackerEntry]: Fetching addPacket for removed entity
[22:15:06] [Server thread/WARN] [net.minecraft.entity.EntityTrackerEntry]: Fetching addPacket for removed entity
[22:15:06] [Server thread/WARN] [net.minecraft.entity.EntityTrackerEntry]: Fetching addPacket for removed entity
[22:15:06] [Server thread/INFO] [net.minecraft.network.NetHandlerPlayServer]: C0LIGAMES lost connection: Disconnected
[22:15:06] [Server thread/INFO] [net.minecraft.server.dedicated.DedicatedServer]: C0LIGAMES left the game
[22:15:15] [Server thread/WARN] [net.minecraft.entity.EntityTrackerEntry]: Fetching addPacket for removed entity
[22:15:17] [Server thread/WARN] [net.minecraft.entity.EntityTrackerEntry]: Fetching addPacket for removed entity
[22:15:18] [Server thread/WARN] [net.minecraft.entity.EntityTrackerEntry]: Fetching addPacket for removed entity
[22:15:18] [Server thread/WARN] [net.minecraft.entity.EntityTrackerEntry]: Fetching addPacket for removed entity
[22:15:29] [Server thread/WARN] [net.minecraft.entity.EntityTrackerEntry]: Fetching addPacket for removed entity
[22:15:36] [Server thread/WARN] [net.minecraft.entity.EntityTrackerEntry]: Fetching addPacket for removed entity
[22:15:39] [Server thread/WARN] [net.minecraft.entity.EntityTrackerEntry]: Fetching addPacket for removed entity
[22:15:44] [Netty Epoll Server IO #1/INFO] [FML]: Client protocol version 2
[22:15:44] [Netty Epoll Server IO #1/INFO] [FML]: Client attempting to join with 64 mods : dldungeonsjbg@1.14.14,cgm@0.15.3,jee@1.0.8,bountifulbaubles@0.0.1,bedfix@1.0.0,jei@4.16.1.1013,futuremc@0.2.6,xaerolib@1.0.44,xaerolib_core@1.12.2-1.0,ivtoolkit@1.3.3-1.12,techguns_core@1.12.2-1.0,neat@1.4-17,mcp@9.42,nocubessrpnests@3.0.0,appliedenergistics2@rv6-stable-7,hermitsarsenal@V1,travelersbackpack@1.0.35,bookshelf@2.3.590,forgelin@1.8.4,harvestcraft@1.12.2zb,additionalstructures@2.5.0,hordes@1.5.3c,srpmeshi@1.8,jeresources@0.9.3.203,nocubessrpsurvival@3.0.0,forge@14.23.5.2861,srmonstress@1.0.2,tlskincape@1.12.2,morearmor@1.3.5,eplus@5.0.179,corpse@1.12.2-1.0.8,minecraft@1.12.2,nocubessrparmory@3.0.0,dungeons2@2.0.0,nocubesrptweaks@V5.1,jehc@1.7.2,baubles@1.5.2,reccomplex@1.4.8.6,vehicle@0.44.1,srptweaks@V2,cat@0.1,roguelike@2.4.6,bloodmoon@1.5.3,mantle@1.12-1.3.3.55,spartanshields@1.5.5,xaerominimap@25.3.5,bhc@2.0.3,securitycraft@v1.10.1,futurefireproof@1.2.3,FML@8.0.99.99,obfuscate@0.4.2,gottschcore@1.15.1,spartannetherite@1.2.1,atlaslib@1.1.9,srparasites@1.9.21,spartanweaponry@1.6.1,tbintegration@1.0.1,xaerominimap_core@1.12.2-1.0,overpoweredarmorbar@@VERSION@,bettermineshafts@1.12.2-2.2.1,swparasites@v4,overlast@0.0.2,techguns@2.0.2.0,betteradvancements@0.1.0.77
[22:15:45] [Server thread/INFO] [net.minecraft.server.dedicated.DedicatedServer]: Unknown command. Try /help for a list of commands
[22:15:45] [Server thread/INFO] [FML]: [Server thread] Server side modded connection established
[22:15:45] [Server thread/INFO] [net.minecraft.server.management.PlayerList]: C0LIGAMES[/127.53.118.236:59671] logged in with entity id 461257 at (5.378211738695911, 10.0, -9.688141333943404)
[22:15:45] [Server thread/INFO] [net.minecraft.server.dedicated.DedicatedServer]: C0LIGAMES joined the game
[22:15:46] [Server thread/INFO] [bountifulbaubles]: Attempting to sync config to player C0LIGAMES
[22:15:46] [Server thread/WARN] [net.minecraft.entity.EntityTrackerEntry]: Fetching addPacket for removed entity
[22:15:46] [Server thread/WARN] [net.minecraft.entity.EntityTrackerEntry]: Fetching addPacket for removed entity
[22:15:49] [Server thread/WARN] [net.minecraft.entity.EntityTrackerEntry]: Fetching addPacket for removed entity
[22:15:49] [Server thread/WARN] [net.minecraft.entity.EntityTrackerEntry]: Fetching addPacket for removed entity
[22:15:49] [Server thread/WARN] [net.minecraft.entity.EntityTrackerEntry]: Fetching addPacket for removed entity
[22:15:49] [Server thread/WARN] [net.minecraft.entity.EntityTrackerEntry]: Fetching addPacket for removed entity
[22:15:50] [Server thread/WARN] [net.minecraft.entity.EntityTrackerEntry]: Fetching addPacket for removed entity
[22:15:50] [Server thread/WARN] [net.minecraft.entity.EntityTrackerEntry]: Fetching addPacket for removed entity
[22:15:50] [Server thread/WARN] [net.minecraft.entity.EntityTrackerEntry]: Fetching addPacket for removed entity
[22:15:50] [Server thread/WARN] [net.minecraft.entity.EntityTrackerEntry]: Fetching addPacket for removed entity
[22:15:51] [Server thread/WARN] [net.minecraft.entity.EntityTrackerEntry]: Fetching addPacket for removed entity
[22:15:51] [Server thread/WARN] [net.minecraft.entity.EntityTrackerEntry]: Fetching addPacket for removed entity
[22:15:56] [Server thread/WARN] [net.minecraft.entity.EntityTrackerEntry]: Fetching addPacket for removed entity
[22:15:56] [Server thread/WARN] [net.minecraft.entity.EntityTrackerEntry]: Fetching addPacket for removed entity
[22:16:01] [Server thread/INFO] [net.minecraft.network.NetHandlerPlayServer]: C0LIGAMES lost connection: Disconnected
[22:16:01] [Server thread/INFO] [net.minecraft.server.dedicated.DedicatedServer]: C0LIGAMES left the game
[22:16:08] [Server thread/WARN] [net.minecraft.entity.EntityTrackerEntry]: Fetching addPacket for removed entity
[22:16:08] [Server thread/WARN] [net.minecraft.entity.EntityTrackerEntry]: Fetching addPacket for removed entity
[22:16:11] [Server thread/WARN] [net.minecraft.entity.EntityTrackerEntry]: Fetching addPacket for removed entity
[22:16:24] [Server thread/WARN] [net.minecraft.entity.EntityTrackerEntry]: Fetching addPacket for removed entity
[22:16:36] [Server thread/WARN] [net.minecraft.entity.EntityTrackerEntry]: Fetching addPacket for removed entity
[22:16:36] [Server thread/INFO] [net.minecraft.server.dedicated.DedicatedServer]: joaocover has made the advancement [Cover Me With Diamonds]
[22:16:47] [Server thread/WARN] [net.minecraft.entity.EntityTrackerEntry]: Fetching addPacket for removed entity
[22:16:47] [Server thread/WARN] [net.minecraft.entity.EntityTrackerEntry]: Fetching addPacket for removed entity
[22:16:48] [Server thread/WARN] [net.minecraft.entity.EntityTrackerEntry]: Fetching addPacket for removed entity
[22:16:48] [Server thread/WARN] [net.minecraft.entity.EntityTrackerEntry]: Fetching addPacket for removed entity
[22:16:53] [Netty Epoll Server IO #3/INFO] [FML]: Client protocol version 2
[22:16:53] [Netty Epoll Server IO #3/INFO] [FML]: Client attempting to join with 64 mods : dldungeonsjbg@1.14.14,cgm@0.15.3,jee@1.0.8,bountifulbaubles@0.0.1,bedfix@1.0.0,jei@4.16.1.1013,futuremc@0.2.6,xaerolib@1.0.44,xaerolib_core@1.12.2-1.0,ivtoolkit@1.3.3-1.12,techguns_core@1.12.2-1.0,neat@1.4-17,mcp@9.42,nocubessrpnests@3.0.0,appliedenergistics2@rv6-stable-7,hermitsarsenal@V1,travelersbackpack@1.0.35,bookshelf@2.3.590,forgelin@1.8.4,harvestcraft@1.12.2zb,additionalstructures@2.5.0,hordes@1.5.3c,srpmeshi@1.8,jeresources@0.9.3.203,nocubessrpsurvival@3.0.0,forge@14.23.5.2861,srmonstress@1.0.2,tlskincape@1.12.2,morearmor@1.3.5,eplus@5.0.179,corpse@1.12.2-1.0.8,minecraft@1.12.2,nocubessrparmory@3.0.0,dungeons2@2.0.0,nocubesrptweaks@V5.1,jehc@1.7.2,baubles@1.5.2,reccomplex@1.4.8.6,vehicle@0.44.1,srptweaks@V2,cat@0.1,roguelike@2.4.6,bloodmoon@1.5.3,mantle@1.12-1.3.3.55,spartanshields@1.5.5,xaerominimap@25.3.5,bhc@2.0.3,securitycraft@v1.10.1,futurefireproof@1.2.3,FML@8.0.99.99,obfuscate@0.4.2,gottschcore@1.15.1,spartannetherite@1.2.1,atlaslib@1.1.9,srparasites@1.9.21,spartanweaponry@1.6.1,tbintegration@1.0.1,xaerominimap_core@1.12.2-1.0,overpoweredarmorbar@@VERSION@,bettermineshafts@1.12.2-2.2.1,swparasites@v4,overlast@0.0.2,techguns@2.0.2.0,betteradvancements@0.1.0.77
[22:16:55] [Server thread/INFO] [FML]: [Server thread] Server side modded connection established
[22:16:55] [Server thread/INFO] [net.minecraft.server.management.PlayerList]: C0LIGAMES[/127.53.118.236:38221] logged in with entity id 492230 at (8.699999988079071, 10.936124979236451, -4.300000011920928)
[22:16:55] [Server thread/INFO] [net.minecraft.server.dedicated.DedicatedServer]: C0LIGAMES joined the game
[22:16:55] [Server thread/INFO] [bountifulbaubles]: Attempting to sync config to player C0LIGAMES
[22:16:59] [Server thread/WARN] [net.minecraft.entity.EntityTrackerEntry]: Fetching addPacket for removed entity
[22:16:59] [Server thread/WARN] [net.minecraft.entity.EntityTrackerEntry]: Fetching addPacket for removed entity
[22:16:59] [Server thread/WARN] [net.minecraft.entity.EntityTrackerEntry]: Fetching addPacket for removed entity
[22:16:59] [Server thread/WARN] [net.minecraft.entity.EntityTrackerEntry]: Fetching addPacket for removed entity
[22:16:59] [Server thread/WARN] [net.minecraft.entity.EntityTrackerEntry]: Fetching addPacket for removed entity
[22:16:59] [Server thread/WARN] [net.minecraft.entity.EntityTrackerEntry]: Fetching addPacket for removed entity
[22:17:00] [Server thread/INFO] [net.minecraft.server.dedicated.DedicatedServer]: C0LIGAMES withered away
[22:17:01] [Server thread/WARN] [net.minecraft.entity.EntityTrackerEntry]: Fetching addPacket for removed entity
[22:17:01] [Server thread/WARN] [net.minecraft.entity.EntityTrackerEntry]: Fetching addPacket for removed entity
[22:17:03] [Server thread/INFO] [net.minecraft.server.dedicated.DedicatedServer]: Set C0LIGAMES's game mode to Creative Mode
[22:17:06] [Server thread/WARN] [net.minecraft.entity.EntityTrackerEntry]: Fetching addPacket for removed entity
[22:17:06] [Server thread/WARN] [net.minecraft.entity.EntityTrackerEntry]: Fetching addPacket for removed entity
[22:17:14] [Server thread/WARN] [net.minecraft.entity.EntityTrackerEntry]: Fetching addPacket for removed entity
[22:17:14] [Server thread/WARN] [net.minecraft.entity.EntityTrackerEntry]: Fetching addPacket for removed entity
[22:17:22] [Server thread/WARN] [net.minecraft.entity.EntityTrackerEntry]: Fetching addPacket for removed entity
[22:17:22] [Server thread/WARN] [net.minecraft.entity.EntityTrackerEntry]: Fetching addPacket for removed entity
[22:17:28] [Server thread/WARN] [net.minecraft.entity.EntityTrackerEntry]: Fetching addPacket for removed entity
[22:17:28] [Server thread/WARN] [net.minecraft.entity.EntityTrackerEntry]: Fetching addPacket for removed entity
[22:17:28] [Server thread/WARN] [net.minecraft.entity.EntityTrackerEntry]: Fetching addPacket for removed entity
[22:17:28] [Server thread/WARN] [net.minecraft.entity.EntityTrackerEntry]: Fetching addPacket for removed entity
[22:17:29] [Server thread/WARN] [net.minecraft.entity.EntityTrackerEntry]: Fetching addPacket for removed entity
[22:17:29] [Server thread/WARN] [net.minecraft.entity.EntityTrackerEntry]: Fetching addPacket for removed entity
[22:17:30] [Server thread/WARN] [net.minecraft.entity.EntityTrackerEntry]: Fetching addPacket for removed entity
[22:17:30] [Server thread/WARN] [net.minecraft.entity.EntityTrackerEntry]: Fetching addPacket for removed entity
[22:17:37] [Server thread/WARN] [net.minecraft.entity.EntityTrackerEntry]: Fetching addPacket for removed entity
[22:17:37] [Server thread/WARN] [net.minecraft.entity.EntityTrackerEntry]: Fetching addPacket for removed entity
[22:17:49] [Server thread/WARN] [net.minecraft.entity.EntityTrackerEntry]: Fetching addPacket for removed entity
[22:17:49] [Server thread/WARN] [net.minecraft.entity.EntityTrackerEntry]: Fetching addPacket for removed entity
[22:17:54] [Server thread/WARN] [net.minecraft.entity.EntityTrackerEntry]: Fetching addPacket for removed entity
[22:17:54] [Server thread/WARN] [net.minecraft.entity.EntityTrackerEntry]: Fetching addPacket for removed entity
[22:18:00] [Server thread/WARN] [net.minecraft.entity.EntityTrackerEntry]: Fetching addPacket for removed entity
[22:18:00] [Server thread/WARN] [net.minecraft.entity.EntityTrackerEntry]: Fetching addPacket for removed entity
[22:18:00] [Server thread/WARN] [net.minecraft.entity.EntityTrackerEntry]: Fetching addPacket for removed entity
[22:18:00] [Server thread/WARN] [net.minecraft.entity.EntityTrackerEntry]: Fetching addPacket for removed entity
[22:18:04] [Server thread/WARN] [net.minecraft.entity.EntityTrackerEntry]: Fetching addPacket for removed entity
[22:18:04] [Server thread/WARN] [net.minecraft.entity.EntityTrackerEntry]: Fetching addPacket for removed entity
[22:18:09] [Server thread/WARN] [net.minecraft.entity.EntityTrackerEntry]: Fetching addPacket for removed entity
[22:18:09] [Server thread/WARN] [net.minecraft.entity.EntityTrackerEntry]: Fetching addPacket for removed entity
[22:18:10] [Server thread/WARN] [net.minecraft.entity.EntityTrackerEntry]: Fetching addPacket for removed entity
[22:18:10] [Server thread/WARN] [net.minecraft.entity.EntityTrackerEntry]: Fetching addPacket for removed entity
[22:18:18] [Server thread/WARN] [net.minecraft.entity.EntityTrackerEntry]: Fetching addPacket for removed entity
[22:18:18] [Server thread/WARN] [net.minecraft.entity.EntityTrackerEntry]: Fetching addPacket for removed entity
[22:18:22] [Server thread/WARN] [net.minecraft.entity.EntityTrackerEntry]: Fetching addPacket for removed entity
[22:18:22] [Server thread/WARN] [net.minecraft.entity.EntityTrackerEntry]: Fetching addPacket for removed entity
[22:18:22] [Server thread/WARN] [net.minecraft.entity.EntityTrackerEntry]: Fetching addPacket for removed entity
[22:18:22] [Server thread/WARN] [net.minecraft.entity.EntityTrackerEntry]: Fetching addPacket for removed entity
[22:18:26] [Server thread/WARN] [net.minecraft.entity.EntityTrackerEntry]: Fetching addPacket for removed entity
[22:18:26] [Server thread/WARN] [net.minecraft.entity.EntityTrackerEntry]: Fetching addPacket for removed entity
[22:18:26] [Server thread/WARN] [net.minecraft.entity.EntityTrackerEntry]: Fetching addPacket for removed entity
[22:18:26] [Server thread/WARN] [net.minecraft.entity.EntityTrackerEntry]: Fetching addPacket for removed entity
[22:18:26] [Server thread/WARN] [net.minecraft.entity.EntityTrackerEntry]: Fetching addPacket for removed entity
[22:18:26] [Server thread/WARN] [net.minecraft.entity.EntityTrackerEntry]: Fetching addPacket for removed entity
[22:18:28] [Server thread/WARN] [net.minecraft.entity.EntityTrackerEntry]: Fetching addPacket for removed entity
[22:18:28] [Server thread/WARN] [net.minecraft.entity.EntityTrackerEntry]: Fetching addPacket for removed entity
[22:18:31] [Server thread/WARN] [net.minecraft.entity.EntityTrackerEntry]: Fetching addPacket for removed entity
[22:18:31] [Server thread/WARN] [net.minecraft.entity.EntityTrackerEntry]: Fetching addPacket for removed entity
[22:18:34] [Server thread/WARN] [net.minecraft.entity.EntityTrackerEntry]: Fetching addPacket for removed entity
[22:18:34] [Server thread/WARN] [net.minecraft.entity.EntityTrackerEntry]: Fetching addPacket for removed entity
[22:18:37] [Server thread/WARN] [net.minecraft.entity.EntityTrackerEntry]: Fetching addPacket for removed entity
[22:18:37] [Server thread/WARN] [net.minecraft.entity.EntityTrackerEntry]: Fetching addPacket for removed entity
[22:18:40] [Server thread/WARN] [net.minecraft.entity.EntityTrackerEntry]: Fetching addPacket for removed entity
[22:18:40] [Server thread/WARN] [net.minecraft.entity.EntityTrackerEntry]: Fetching addPacket for removed entity
[22:18:40] [Server thread/WARN] [net.minecraft.entity.EntityTrackerEntry]: Fetching addPacket for removed entity
[22:18:40] [Server thread/WARN] [net.minecraft.entity.EntityTrackerEntry]: Fetching addPacket for removed entity
[22:18:47] [Server thread/WARN] [net.minecraft.entity.EntityTrackerEntry]: Fetching addPacket for removed entity
[22:18:47] [Server thread/WARN] [net.minecraft.entity.EntityTrackerEntry]: Fetching addPacket for removed entity
[22:18:47] [Server thread/WARN] [net.minecraft.entity.EntityTrackerEntry]: Fetching addPacket for removed entity
[22:18:47] [Server thread/WARN] [net.minecraft.entity.EntityTrackerEntry]: Fetching addPacket for removed entity
[22:18:47] [Server thread/WARN] [net.minecraft.entity.EntityTrackerEntry]: Fetching addPacket for removed entity
[22:18:47] [Server thread/WARN] [net.minecraft.entity.EntityTrackerEntry]: Fetching addPacket for removed entity
[22:18:48] [Server thread/WARN] [net.minecraft.entity.EntityTrackerEntry]: Fetching addPacket for removed entity
[22:18:48] [Server thread/WARN] [net.minecraft.entity.EntityTrackerEntry]: Fetching addPacket for removed entity
[22:18:50] [Server thread/WARN] [net.minecraft.entity.EntityTrackerEntry]: Fetching addPacket for removed entity
[22:18:50] [Server thread/WARN] [net.minecraft.entity.EntityTrackerEntry]: Fetching addPacket for removed entity
[22:18:50] [Server thread/WARN] [net.minecraft.entity.EntityTrackerEntry]: Fetching addPacket for removed entity
[22:18:50] [Server thread/WARN] [net.minecraft.entity.EntityTrackerEntry]: Fetching addPacket for removed entity
[22:18:52] [Server thread/WARN] [net.minecraft.entity.EntityTrackerEntry]: Fetching addPacket for removed entity
[22:18:52] [Server thread/WARN] [net.minecraft.entity.EntityTrackerEntry]: Fetching addPacket for removed entity
[22:18:53] [Server thread/WARN] [net.minecraft.entity.EntityTrackerEntry]: Fetching addPacket for removed entity
[22:18:53] [Server thread/WARN] [net.minecraft.entity.EntityTrackerEntry]: Fetching addPacket for removed entity
[22:18:54] [Server thread/WARN] [net.minecraft.entity.EntityTrackerEntry]: Fetching addPacket for removed entity
[22:18:54] [Server thread/WARN] [net.minecraft.entity.EntityTrackerEntry]: Fetching addPacket for removed entity
[22:19:03] [Server thread/INFO] [net.minecraft.server.dedicated.DedicatedServer]: joaocover has made the advancement [Sweet dreams]
[22:19:05] [Server thread/WARN] [net.minecraft.entity.EntityTrackerEntry]: Fetching addPacket for removed entity
[22:19:05] [Server thread/WARN] [net.minecraft.entity.EntityTrackerEntry]: Fetching addPacket for removed entity
[22:19:06] [Server thread/WARN] [net.minecraft.entity.EntityTrackerEntry]: Fetching addPacket for removed entity
[22:19:06] [Server thread/WARN] [net.minecraft.entity.EntityTrackerEntry]: Fetching addPacket for removed entity
[22:19:07] [Server thread/WARN] [net.minecraft.entity.EntityTrackerEntry]: Fetching addPacket for removed entity
[22:19:07] [Server thread/WARN] [net.minecraft.entity.EntityTrackerEntry]: Fetching addPacket for removed entity
[22:19:09] [Server thread/WARN] [net.minecraft.entity.EntityTrackerEntry]: Fetching addPacket for removed entity
[22:19:09] [Server thread/WARN] [net.minecraft.entity.EntityTrackerEntry]: Fetching addPacket for removed entity
[22:19:15] [Server thread/WARN] [net.minecraft.entity.EntityTrackerEntry]: Fetching addPacket for removed entity
[22:19:15] [Server thread/WARN] [net.minecraft.entity.EntityTrackerEntry]: Fetching addPacket for removed entity
[22:19:15] [Server thread/WARN] [net.minecraft.entity.EntityTrackerEntry]: Fetching addPacket for removed entity
[22:19:15] [Server thread/WARN] [net.minecraft.entity.EntityTrackerEntry]: Fetching addPacket for removed entity
[22:19:15] [Server thread/WARN] [net.minecraft.entity.EntityTrackerEntry]: Fetching addPacket for removed entity
[22:19:15] [Server thread/WARN] [net.minecraft.entity.EntityTrackerEntry]: Fetching addPacket for removed entity
[22:19:19] [Server thread/INFO] [net.minecraft.server.dedicated.DedicatedServer]: C0LIGAMES fell out of the world
[22:19:19] [Server thread/INFO] [net.minecraft.server.dedicated.DedicatedServer]: [C0LIGAMES: Killed C0LIGAMES]
[22:19:19] [Server thread/INFO] [net.minecraft.server.dedicated.DedicatedServer]: [C0LIGAMES: Killed Experience Orb]
[22:19:19] [Server thread/INFO] [net.minecraft.server.dedicated.DedicatedServer]: [C0LIGAMES: Killed Experience Orb]
[22:19:19] [Server thread/INFO] [net.minecraft.server.dedicated.DedicatedServer]: [C0LIGAMES: Killed Experience Orb]
[22:19:19] [Server thread/INFO] [net.minecraft.server.dedicated.DedicatedServer]: [C0LIGAMES: Killed Experience Orb]
[22:19:19] [Server thread/INFO] [net.minecraft.server.dedicated.DedicatedServer]: [C0LIGAMES: Killed Experience Orb]
[22:19:19] [Server thread/INFO] [net.minecraft.server.dedicated.DedicatedServer]: [C0LIGAMES: Killed Experience Orb]
[22:19:19] [Server thread/INFO] [net.minecraft.server.dedicated.DedicatedServer]: [C0LIGAMES: Killed Experience Orb]
[22:19:19] [Server thread/INFO] [net.minecraft.server.dedicated.DedicatedServer]: [C0LIGAMES: Killed Experience Orb]
[22:19:19] [Server thread/INFO] [net.minecraft.server.dedicated.DedicatedServer]: [C0LIGAMES: Killed Experience Orb]
[22:19:19] [Server thread/INFO] [net.minecraft.server.dedicated.DedicatedServer]: [C0LIGAMES: Killed Experience Orb]
[22:19:19] [Server thread/INFO] [net.minecraft.server.dedicated.DedicatedServer]: [C0LIGAMES: Killed Experience Orb]
[22:19:19] [Server thread/INFO] [net.minecraft.server.dedicated.DedicatedServer]: [C0LIGAMES: Killed Experience Orb]
[22:19:19] [Server thread/INFO] [net.minecraft.server.dedicated.DedicatedServer]: [C0LIGAMES: Killed Experience Orb]
[22:19:19] [Server thread/INFO] [net.minecraft.server.dedicated.DedicatedServer]: [C0LIGAMES: Killed Zombie Pigman]
[22:19:19] [Server thread/INFO] [net.minecraft.server.dedicated.DedicatedServer]: [C0LIGAMES: Killed Skeleton]
[22:19:19] [Server thread/INFO] [net.minecraft.server.dedicated.DedicatedServer]: [C0LIGAMES: Killed Zombie]
[22:19:19] [Server thread/INFO] [net.minecraft.server.dedicated.DedicatedServer]: [C0LIGAMES: Killed item.item.red_heart]
[22:19:19] [Server thread/INFO] [net.minecraft.server.dedicated.DedicatedServer]: [C0LIGAMES: Killed Zombie]
[22:19:19] [Server thread/INFO] [net.minecraft.server.dedicated.DedicatedServer]: [C0LIGAMES: Killed Spider]
[22:19:19] [Server thread/INFO] [net.minecraft.server.dedicated.DedicatedServer]: [C0LIGAMES: Killed Spider]
[22:19:19] [Server thread/INFO] [net.minecraft.server.dedicated.DedicatedServer]: [C0LIGAMES: Killed item.item.arrow]
[22:19:19] [Server thread/INFO] [net.minecraft.server.dedicated.DedicatedServer]: [C0LIGAMES: Killed item.item.arrow]
[22:19:19] [Server thread/INFO] [net.minecraft.server.dedicated.DedicatedServer]: [C0LIGAMES: Killed item.item.string]
[22:19:19] [Server thread/INFO] [net.minecraft.server.dedicated.DedicatedServer]: [C0LIGAMES: Killed Spider]
[22:19:19] [Server thread/INFO] [net.minecraft.server.dedicated.DedicatedServer]: [C0LIGAMES: Killed Experience Orb]
[22:19:19] [Server thread/INFO] [net.minecraft.server.dedicated.DedicatedServer]: [C0LIGAMES: Killed C0LIGAMES's Zombie]
[22:19:19] [Server thread/INFO] [net.minecraft.server.dedicated.DedicatedServer]: [C0LIGAMES: Killed Spider]
[22:19:19] [Server thread/INFO] [net.minecraft.server.dedicated.DedicatedServer]: [C0LIGAMES: Killed Skeleton]
[22:19:19] [Server thread/INFO] [net.minecraft.server.dedicated.DedicatedServer]: [C0LIGAMES: Killed Zombie]
[22:19:19] [Server thread/INFO] [net.minecraft.server.dedicated.DedicatedServer]: [C0LIGAMES: Killed Spider]
[22:19:19] [Server thread/INFO] [net.minecraft.server.dedicated.DedicatedServer]: [C0LIGAMES: Killed Spider]
[22:19:19] [Server thread/INFO] [net.minecraft.server.dedicated.DedicatedServer]: [C0LIGAMES: Killed Skeleton]
[22:19:19] [Server thread/INFO] [net.minecraft.server.dedicated.DedicatedServer]: [C0LIGAMES: Killed Zombie]
[22:19:19] [Server thread/INFO] [net.minecraft.server.dedicated.DedicatedServer]: [C0LIGAMES: Killed Skeleton]
[22:19:19] [Server thread/INFO] [net.minecraft.server.dedicated.DedicatedServer]: [C0LIGAMES: Killed Zombie]
[22:19:19] [Server thread/INFO] [net.minecraft.server.dedicated.DedicatedServer]: [C0LIGAMES: Killed Skeleton]
[22:19:19] [Server thread/INFO] [net.minecraft.server.dedicated.DedicatedServer]: [C0LIGAMES: Killed item.item.string]
[22:19:19] [Server thread/INFO] [net.minecraft.server.dedicated.DedicatedServer]: [C0LIGAMES: Killed Spider]
[22:19:19] [Server thread/INFO] [net.minecraft.server.dedicated.DedicatedServer]: [C0LIGAMES: Killed Zombie]
[22:19:19] [Server thread/INFO] [net.minecraft.server.dedicated.DedicatedServer]: [C0LIGAMES: Killed Zombie Pigman]
[22:19:19] [Server thread/INFO] [net.minecraft.server.dedicated.DedicatedServer]: [C0LIGAMES: Killed Zombie Pigman]
[22:19:19] [Server thread/INFO] [net.minecraft.server.dedicated.DedicatedServer]: [C0LIGAMES: Killed Spider]
[22:19:19] [Server thread/INFO] [net.minecraft.server.dedicated.DedicatedServer]: [C0LIGAMES: Killed item.item.red_heart]
[22:19:19] [Server thread/INFO] [net.minecraft.server.dedicated.DedicatedServer]: [C0LIGAMES: Killed item.item.helmetChain]
[22:19:19] [Server thread/INFO] [net.minecraft.server.dedicated.DedicatedServer]: [C0LIGAMES: Killed item.item.bootsIron]
[22:19:19] [Server thread/INFO] [net.minecraft.server.dedicated.DedicatedServer]: [C0LIGAMES: Killed item.item.shears]
[22:19:19] [Server thread/INFO] [net.minecraft.server.dedicated.DedicatedServer]: [C0LIGAMES: Killed item.item.bone]
[22:19:19] [Server thread/INFO] [net.minecraft.server.dedicated.DedicatedServer]: [C0LIGAMES: Killed Skeleton]
[22:19:19] [Server thread/INFO] [net.minecraft.server.dedicated.DedicatedServer]: [C0LIGAMES: Killed Zombie]
[22:19:19] [Server thread/INFO] [net.minecraft.server.dedicated.DedicatedServer]: [C0LIGAMES: Killed item.item.bone]
[22:19:19] [Server thread/INFO] [net.minecraft.server.dedicated.DedicatedServer]: [C0LIGAMES: Killed item.item.arrow]
[22:19:19] [Server thread/INFO] [net.minecraft.server.dedicated.DedicatedServer]: [C0LIGAMES: Killed item.item.minecraft:potato]
[22:19:19] [Server thread/INFO] [net.minecraft.server.dedicated.DedicatedServer]: [C0LIGAMES: Killed item.item.spiderEye]
[22:19:19] [Server thread/INFO] [net.minecraft.server.dedicated.DedicatedServer]: [C0LIGAMES: Killed item.item.string]
[22:19:19] [Server thread/INFO] [net.minecraft.server.dedicated.DedicatedServer]: [C0LIGAMES: Killed item.item.rottenFlesh]
[22:19:19] [Server thread/INFO] [net.minecraft.server.dedicated.DedicatedServer]: [C0LIGAMES: Killed Spider]
[22:19:19] [Server thread/INFO] [net.minecraft.server.dedicated.DedicatedServer]: [C0LIGAMES: Killed Spider]
[22:19:19] [Server thread/INFO] [net.minecraft.server.dedicated.DedicatedServer]: [C0LIGAMES: Killed item.item.flintAndSteel]
[22:19:19] [Server thread/INFO] [net.minecraft.server.dedicated.DedicatedServer]: [C0LIGAMES: Killed item.item.fishingRod]
[22:19:19] [Server thread/INFO] [net.minecraft.server.dedicated.DedicatedServer]: [C0LIGAMES: Killed item.item.helmetChain]
[22:19:19] [Server thread/INFO] [net.minecraft.server.dedicated.DedicatedServer]: [C0LIGAMES: Killed Spider]
[22:19:19] [Server thread/INFO] [net.minecraft.server.dedicated.DedicatedServer]: [C0LIGAMES: Killed item.item.leggingsIron]
[22:19:19] [Server thread/INFO] [net.minecraft.server.dedicated.DedicatedServer]: [C0LIGAMES: Killed item.item.goldNugget]
[22:19:19] [Server thread/INFO] [net.minecraft.server.dedicated.DedicatedServer]: [C0LIGAMES: Killed item.item.helmetChain]
[22:19:19] [Server thread/INFO] [net.minecraft.server.dedicated.DedicatedServer]: [C0LIGAMES: Killed item.tile.sand.default]
[22:19:19] [Server thread/INFO] [net.minecraft.server.dedicated.DedicatedServer]: [C0LIGAMES: Killed Stray]
[22:19:19] [Server thread/INFO] [net.minecraft.server.dedicated.DedicatedServer]: [C0LIGAMES: Killed item.item.red_heart]
[22:19:19] [Server thread/INFO] [net.minecraft.server.dedicated.DedicatedServer]: [C0LIGAMES: Killed item.item.leggingsIron]
[22:19:19] [Server thread/INFO] [net.minecraft.server.dedicated.DedicatedServer]: [C0LIGAMES: Killed item.item.arrow]
[22:19:19] [Server thread/INFO] [net.minecraft.server.dedicated.DedicatedServer]: [C0LIGAMES: Killed item.item.string]
[22:19:19] [Server thread/INFO] [net.minecraft.server.dedicated.DedicatedServer]: [C0LIGAMES: Killed Spider]
[22:19:19] [Server thread/INFO] [net.minecraft.server.dedicated.DedicatedServer]: [C0LIGAMES: Killed item.tile.gravel]
[22:19:19] [Server thread/INFO] [net.minecraft.server.dedicated.DedicatedServer]: [C0LIGAMES: Killed item.item.chestplateChain]
[22:19:19] [Server thread/INFO] [net.minecraft.server.dedicated.DedicatedServer]: [C0LIGAMES: Killed Spider]
[22:19:19] [Server thread/INFO] [net.minecraft.server.dedicated.DedicatedServer]: [C0LIGAMES: Killed item.item.bootsGold]
[22:19:19] [Server thread/INFO] [net.minecraft.server.dedicated.DedicatedServer]: [C0LIGAMES: Killed item.item.chestplateChain]
[22:19:19] [Server thread/INFO] [net.minecraft.server.dedicated.DedicatedServer]: [C0LIGAMES: Killed item.item.bootsIron]
[22:19:19] [Server thread/INFO] [net.minecraft.server.dedicated.DedicatedServer]: [C0LIGAMES: Killed item.tile.dirt.default]
[22:19:19] [Server thread/INFO] [net.minecraft.server.dedicated.DedicatedServer]: [C0LIGAMES: Killed item.item.shield]
[22:19:19] [Server thread/INFO] [net.minecraft.server.dedicated.DedicatedServer]: [C0LIGAMES: Killed item.techguns.item.t1_miner_helmet]
[22:19:19] [Server thread/INFO] [net.minecraft.server.dedicated.DedicatedServer]: [C0LIGAMES: Killed Spider]
[22:19:19] [Server thread/INFO] [net.minecraft.server.dedicated.DedicatedServer]: [C0LIGAMES: Killed Spider]
[22:19:19] [Server thread/INFO] [net.minecraft.server.dedicated.DedicatedServer]: [C0LIGAMES: Killed item.item.bootsGold]
[22:19:19] [Server thread/INFO] [net.minecraft.server.dedicated.DedicatedServer]: [C0LIGAMES: Killed Spider]
[22:19:19] [Server thread/INFO] [net.minecraft.server.dedicated.DedicatedServer]: [C0LIGAMES: Killed Spider]
[22:19:19] [Server thread/INFO] [net.minecraft.server.dedicated.DedicatedServer]: [C0LIGAMES: Killed Skeleton]
[22:19:19] [Server thread/INFO] [net.minecraft.server.dedicated.DedicatedServer]: [C0LIGAMES: Killed Spider]
[22:19:19] [Server thread/INFO] [net.minecraft.server.dedicated.DedicatedServer]: [C0LIGAMES: Killed Spider]
[22:19:19] [Server thread/INFO] [net.minecraft.server.dedicated.DedicatedServer]: [C0LIGAMES: Killed Skeleton]
[22:19:19] [Server thread/INFO] [net.minecraft.server.dedicated.DedicatedServer]: [C0LIGAMES: Killed Spider]
[22:19:19] [Server thread/INFO] [net.minecraft.server.dedicated.DedicatedServer]: [C0LIGAMES: Killed Spider]
[22:19:19] [Server thread/INFO] [net.minecraft.server.dedicated.DedicatedServer]: [C0LIGAMES: Killed Skeleton]
[22:19:19] [Server thread/INFO] [net.minecraft.server.dedicated.DedicatedServer]: [C0LIGAMES: Killed Skeleton]
[22:19:19] [Server thread/INFO] [net.minecraft.server.dedicated.DedicatedServer]: [C0LIGAMES: Killed Zombie Pigman]
[22:19:19] [Server thread/INFO] [net.minecraft.server.dedicated.DedicatedServer]: [C0LIGAMES: Killed Skeleton]
[22:19:19] [Server thread/INFO] [net.minecraft.server.dedicated.DedicatedServer]: [C0LIGAMES: Killed Skeleton]
[22:19:19] [Server thread/INFO] [net.minecraft.server.dedicated.DedicatedServer]: [C0LIGAMES: Killed Skeleton]
[22:19:19] [Server thread/INFO] [net.minecraft.server.dedicated.DedicatedServer]: [C0LIGAMES: Killed item.item.paper]
[22:19:19] [Server thread/INFO] [net.minecraft.server.dedicated.DedicatedServer]: [C0LIGAMES: Killed item.item.beetroot_seeds]
[22:19:19] [Server thread/INFO] [net.minecraft.server.dedicated.DedicatedServer]: [C0LIGAMES: Killed Wither Skeleton]
[22:19:19] [Server thread/INFO] [net.minecraft.server.dedicated.DedicatedServer]: [C0LIGAMES: Killed Skeleton]
[22:19:19] [Server thread/INFO] [net.minecraft.server.dedicated.DedicatedServer]: [C0LIGAMES: Killed Spider]
[22:19:19] [Server thread/INFO] [net.minecraft.server.dedicated.DedicatedServer]: [C0LIGAMES: Killed Wither Skeleton]
[22:19:19] [Server thread/INFO] [net.minecraft.server.dedicated.DedicatedServer]: [C0LIGAMES: Killed Spider]
[22:19:19] [Server thread/INFO] [net.minecraft.server.dedicated.DedicatedServer]: [C0LIGAMES: Killed Spider]
[22:19:19] [Server thread/INFO] [net.minecraft.server.dedicated.DedicatedServer]: [C0LIGAMES: Killed Spider]
[22:19:19] [Server thread/INFO] [net.minecraft.server.dedicated.DedicatedServer]: [C0LIGAMES: Killed Spider]
[22:19:19] [Server thread/INFO] [net.minecraft.server.dedicated.DedicatedServer]: [C0LIGAMES: Killed Spider]
[22:19:19] [Server thread/INFO] [net.minecraft.server.dedicated.DedicatedServer]: [C0LIGAMES: Killed Spider]
[22:19:19] [Server thread/INFO] [net.minecraft.server.dedicated.DedicatedServer]: [C0LIGAMES: Killed item.item.srparasites.lurecomponent1]
[22:19:19] [Server thread/INFO] [net.minecraft.server.dedicated.DedicatedServer]: [C0LIGAMES: Killed Spider]
[22:19:19] [Server thread/INFO] [net.minecraft.server.dedicated.DedicatedServer]: [C0LIGAMES: Killed item.tile.stonebricksmooth.default]
[22:19:19] [Server thread/INFO] [net.minecraft.server.dedicated.DedicatedServer]: [C0LIGAMES: Killed Rupter]
[22:19:19] [Server thread/INFO] [net.minecraft.server.dedicated.DedicatedServer]: [C0LIGAMES: Killed Rupter]
[22:19:19] [Server thread/INFO] [net.minecraft.server.dedicated.DedicatedServer]: [C0LIGAMES: Killed Spider]
[22:19:19] [Server thread/INFO] [net.minecraft.server.dedicated.DedicatedServer]: [C0LIGAMES: Killed Rupter]
[22:19:19] [Server thread/INFO] [net.minecraft.server.dedicated.DedicatedServer]: [C0LIGAMES: Killed Zombie]
[22:19:19] [Server thread/INFO] [net.minecraft.server.dedicated.DedicatedServer]: [C0LIGAMES: Killed Skeleton]
[22:19:19] [Server thread/INFO] [net.minecraft.server.dedicated.DedicatedServer]: [C0LIGAMES: Killed Skeleton]
[22:19:19] [Server thread/INFO] [net.minecraft.server.dedicated.DedicatedServer]: [C0LIGAMES: Killed Assimilated Human]
[22:19:19] [Server thread/INFO] [net.minecraft.server.dedicated.DedicatedServer]: [C0LIGAMES: Killed Bat]
[22:19:19] [Server thread/INFO] [net.minecraft.server.dedicated.DedicatedServer]: [C0LIGAMES: Killed Walking Head]
[22:19:19] [Server thread/INFO] [net.minecraft.server.dedicated.DedicatedServer]: [C0LIGAMES: Killed item.item.srparasites.assimilated_flesh]
[22:19:19] [Server thread/INFO] [net.minecraft.server.dedicated.DedicatedServer]: [C0LIGAMES: Killed item.item.srparasites.lurecomponent2]
[22:19:19] [Server thread/INFO] [net.minecraft.server.dedicated.DedicatedServer]: [C0LIGAMES: Killed Spider]
[22:19:19] [Server thread/INFO] [net.minecraft.server.dedicated.DedicatedServer]: [C0LIGAMES: Killed Bat]
[22:19:19] [Server thread/INFO] [net.minecraft.server.dedicated.DedicatedServer]: [C0LIGAMES: Killed Creeper]
[22:19:19] [Server thread/INFO] [net.minecraft.server.dedicated.DedicatedServer]: [C0LIGAMES: Killed Zombie]
[22:19:19] [Server thread/INFO] [net.minecraft.server.dedicated.DedicatedServer]: [C0LIGAMES: Killed Assimilated Human]
[22:19:19] [Server thread/INFO] [net.minecraft.server.dedicated.DedicatedServer]: [C0LIGAMES: Killed Skeleton]
[22:19:19] [Server thread/INFO] [net.minecraft.server.dedicated.DedicatedServer]: [C0LIGAMES: Killed Zombie]
[22:19:19] [Server thread/INFO] [net.minecraft.server.dedicated.DedicatedServer]: [C0LIGAMES: Killed Creeper]
[22:19:19] [Server thread/INFO] [net.minecraft.server.dedicated.DedicatedServer]: [C0LIGAMES: Killed Rupter]
[22:19:19] [Server thread/INFO] [net.minecraft.server.dedicated.DedicatedServer]: [C0LIGAMES: Killed Zombie]
[22:19:19] [Server thread/INFO] [net.minecraft.server.dedicated.DedicatedServer]: [C0LIGAMES: Killed Zombie]
[22:19:19] [Server thread/INFO] [net.minecraft.server.dedicated.DedicatedServer]: [C0LIGAMES: Killed Bat]
[22:19:19] [Server thread/INFO] [net.minecraft.server.dedicated.DedicatedServer]: [C0LIGAMES: Killed Bat]
[22:19:19] [Server thread/INFO] [net.minecraft.server.dedicated.DedicatedServer]: [C0LIGAMES: Killed Skeleton]
[22:19:19] [Server thread/INFO] [net.minecraft.server.dedicated.DedicatedServer]: [C0LIGAMES: Killed Zombie Farmer]
[22:19:19] [Server thread/INFO] [net.minecraft.server.dedicated.DedicatedServer]: [C0LIGAMES: Killed Creeper]
[22:19:19] [Server thread/INFO] [net.minecraft.server.dedicated.DedicatedServer]: [C0LIGAMES: Killed Skeleton]
[22:19:19] [Server thread/INFO] [net.minecraft.server.dedicated.DedicatedServer]: [C0LIGAMES: Killed Bat]
[22:19:19] [Server thread/INFO] [net.minecraft.server.dedicated.DedicatedServer]: [C0LIGAMES: Killed Rupter]
[22:19:19] [Server thread/INFO] [net.minecraft.server.dedicated.DedicatedServer]: [C0LIGAMES: Killed Bat]
[22:19:19] [Server thread/INFO] [net.minecraft.server.dedicated.DedicatedServer]: joaocover fell out of the world
[22:19:19] [Server thread/INFO] [net.minecraft.server.dedicated.DedicatedServer]: [C0LIGAMES: Killed joaocover]
[22:19:19] [Server thread/INFO] [net.minecraft.server.dedicated.DedicatedServer]: [C0LIGAMES: Killed item.item.seeds]
[22:19:19] [Server thread/INFO] [net.minecraft.server.dedicated.DedicatedServer]: [C0LIGAMES: Killed Bat]
[22:19:19] [Server thread/INFO] [net.minecraft.server.dedicated.DedicatedServer]: [C0LIGAMES: Killed Bat]
[22:19:19] [Server thread/INFO] [net.minecraft.server.dedicated.DedicatedServer]: [C0LIGAMES: Killed Bat]
[22:19:19] [Server thread/INFO] [net.minecraft.server.dedicated.DedicatedServer]: [C0LIGAMES: Killed Bat]
[22:19:19] [Server thread/INFO] [net.minecraft.server.dedicated.DedicatedServer]: [C0LIGAMES: Killed item.item.srparasites.lurecomponent1]
[22:19:19] [Server thread/INFO] [net.minecraft.server.dedicated.DedicatedServer]: [C0LIGAMES: Killed Skeleton]
[22:19:19] [Server thread/INFO] [net.minecraft.server.dedicated.DedicatedServer]: [C0LIGAMES: Killed Zombie]
[22:19:19] [Server thread/INFO] [net.minecraft.server.dedicated.DedicatedServer]: [C0LIGAMES: Killed Bat]
[22:19:19] [Server thread/INFO] [net.minecraft.server.dedicated.DedicatedServer]: [C0LIGAMES: Killed Buglin]
[22:19:19] [Server thread/INFO] [net.minecraft.server.dedicated.DedicatedServer]: [C0LIGAMES: Killed Bat]
[22:19:19] [Server thread/INFO] [net.minecraft.server.dedicated.DedicatedServer]: [C0LIGAMES: Killed Bat]
[22:19:19] [Server thread/INFO] [net.minecraft.server.dedicated.DedicatedServer]: [C0LIGAMES: Killed Bat]
[22:19:19] [Server thread/INFO] [net.minecraft.server.dedicated.DedicatedServer]: [C0LIGAMES: Killed Bat]
[22:19:19] [Server thread/INFO] [net.minecraft.server.dedicated.DedicatedServer]: [C0LIGAMES: Killed Zombie Farmer]
[22:19:19] [Server thread/INFO] [net.minecraft.server.dedicated.DedicatedServer]: [C0LIGAMES: Killed Zombie]
[22:19:19] [Server thread/INFO] [net.minecraft.server.dedicated.DedicatedServer]: [C0LIGAMES: Killed Rupter]
[22:19:19] [Server thread/INFO] [net.minecraft.server.dedicated.DedicatedServer]: [C0LIGAMES: Killed Incomplete Form]
[22:19:19] [Server thread/INFO] [net.minecraft.server.dedicated.DedicatedServer]: [C0LIGAMES: Killed Bat]
[22:19:19] [Server thread/INFO] [net.minecraft.server.dedicated.DedicatedServer]: [C0LIGAMES: Killed Zombie Farmer]
[22:19:19] [Server thread/INFO] [net.minecraft.server.dedicated.DedicatedServer]: [C0LIGAMES: Killed Spider]
[22:19:19] [Server thread/INFO] [net.minecraft.server.dedicated.DedicatedServer]: [C0LIGAMES: Killed Corpse of joaocover]
[22:19:19] [Server thread/INFO] [net.minecraft.server.dedicated.DedicatedServer]: [C0LIGAMES: Killed Zombie Miner]
[22:19:19] [Server thread/INFO] [net.minecraft.server.dedicated.DedicatedServer]: [C0LIGAMES: Killed Corpse of joaocover]
[22:19:19] [Server thread/INFO] [net.minecraft.server.dedicated.DedicatedServer]: [C0LIGAMES: Killed Buglin]
[22:19:19] [Server thread/INFO] [net.minecraft.server.dedicated.DedicatedServer]: [C0LIGAMES: Killed Rupter]
[22:19:19] [Server thread/INFO] [net.minecraft.server.dedicated.DedicatedServer]: [C0LIGAMES: Killed Bat]
[22:19:19] [Server thread/INFO] [net.minecraft.server.dedicated.DedicatedServer]: [C0LIGAMES: Killed Buglin]
[22:19:19] [Server thread/INFO] [net.minecraft.server.dedicated.DedicatedServer]: [C0LIGAMES: Killed Rupter]
[22:19:19] [Server thread/INFO] [net.minecraft.server.dedicated.DedicatedServer]: [C0LIGAMES: Killed Buglin]
[22:19:19] [Server thread/INFO] [net.minecraft.server.dedicated.DedicatedServer]: [C0LIGAMES: Killed Zombie Miner]
[22:19:19] [Server thread/INFO] [net.minecraft.server.dedicated.DedicatedServer]: [C0LIGAMES: Killed Zombie Farmer]
[22:19:19] [Server thread/INFO] [net.minecraft.server.dedicated.DedicatedServer]: [C0LIGAMES: Killed Zombie Miner]
[22:19:19] [Server thread/INFO] [net.minecraft.server.dedicated.DedicatedServer]: [C0LIGAMES: Killed Pig]
[22:19:19] [Server thread/INFO] [net.minecraft.server.dedicated.DedicatedServer]: [C0LIGAMES: Killed Rupter]
[22:19:19] [Server thread/INFO] [net.minecraft.server.dedicated.DedicatedServer]: [C0LIGAMES: Killed Pig]
[22:19:19] [Server thread/INFO] [net.minecraft.server.dedicated.DedicatedServer]: [C0LIGAMES: Killed Pig]
[22:19:19] [Server thread/INFO] [net.minecraft.server.dedicated.DedicatedServer]: [C0LIGAMES: Killed Pig]
[22:19:19] [Server thread/INFO] [net.minecraft.server.dedicated.DedicatedServer]: [C0LIGAMES: Killed Pig]
[22:19:19] [Server thread/INFO] [net.minecraft.server.dedicated.DedicatedServer]: [C0LIGAMES: Killed Pig]
[22:19:19] [Server thread/INFO] [net.minecraft.server.dedicated.DedicatedServer]: [C0LIGAMES: Killed Pig]
[22:19:19] [Server thread/INFO] [net.minecraft.server.dedicated.DedicatedServer]: [C0LIGAMES: Killed Buglin]
[22:19:19] [Server thread/INFO] [net.minecraft.server.dedicated.DedicatedServer]: [C0LIGAMES: Killed Pig]
[22:19:19] [Server thread/INFO] [net.minecraft.server.dedicated.DedicatedServer]: [C0LIGAMES: Killed Pig]
[22:19:19] [Server thread/INFO] [net.minecraft.server.dedicated.DedicatedServer]: [C0LIGAMES: Killed Pig]
[22:19:19] [Server thread/INFO] [net.minecraft.server.dedicated.DedicatedServer]: [C0LIGAMES: Killed Pig]
[22:19:19] [Server thread/INFO] [net.minecraft.server.dedicated.DedicatedServer]: [C0LIGAMES: Killed Pig]
[22:19:19] [Server thread/INFO] [net.minecraft.server.dedicated.DedicatedServer]: [C0LIGAMES: Killed Squid]
[22:19:19] [Server thread/INFO] [net.minecraft.server.dedicated.DedicatedServer]: [C0LIGAMES: Killed Zombie Farmer]
[22:19:19] [Server thread/INFO] [net.minecraft.server.dedicated.DedicatedServer]: [C0LIGAMES: Killed Zombie Farmer]
[22:19:19] [Server thread/INFO] [net.minecraft.server.dedicated.DedicatedServer]: [C0LIGAMES: Killed Pig]
[22:19:19] [Server thread/INFO] [net.minecraft.server.dedicated.DedicatedServer]: [C0LIGAMES: Killed Squid]
[22:19:19] [Server thread/INFO] [net.minecraft.server.dedicated.DedicatedServer]: [C0LIGAMES: Killed Rupter]
[22:19:19] [Server thread/INFO] [net.minecraft.server.dedicated.DedicatedServer]: [C0LIGAMES: Killed Squid]
[22:19:19] [Server thread/INFO] [net.minecraft.server.dedicated.DedicatedServer]: [C0LIGAMES: Killed Zombie]
[22:19:19] [Server thread/INFO] [net.minecraft.server.dedicated.DedicatedServer]: [C0LIGAMES: Killed Assimilated Human]
[22:19:19] [Server thread/INFO] [net.minecraft.server.dedicated.DedicatedServer]: [C0LIGAMES: Killed Skeleton]
[22:19:19] [Server thread/INFO] [net.minecraft.server.dedicated.DedicatedServer]: [C0LIGAMES: Killed Pig]
[22:19:19] [Server thread/INFO] [net.minecraft.server.dedicated.DedicatedServer]: [C0LIGAMES: Killed Enderman]
[22:19:19] [Server thread/INFO] [net.minecraft.server.dedicated.DedicatedServer]: [C0LIGAMES: Killed Skeleton]
[22:19:19] [Server thread/INFO] [net.minecraft.server.dedicated.DedicatedServer]: [C0LIGAMES: Killed Buglin]
[22:19:19] [Server thread/INFO] [net.minecraft.server.dedicated.DedicatedServer]: [C0LIGAMES: Killed Pig]
[22:19:19] [Server thread/INFO] [net.minecraft.server.dedicated.DedicatedServer]: [C0LIGAMES: Killed Squid]
[22:19:19] [Server thread/INFO] [net.minecraft.server.dedicated.DedicatedServer]: [C0LIGAMES: Killed Zombie Miner]
[22:19:19] [Server thread/INFO] [net.minecraft.server.dedicated.DedicatedServer]: [C0LIGAMES: Killed Rupter]
[22:19:19] [Server thread/INFO] [net.minecraft.server.dedicated.DedicatedServer]: [C0LIGAMES: Killed item.item.srparasites.lurecomponent1]
[22:19:19] [Server thread/INFO] [net.minecraft.server.dedicated.DedicatedServer]: [C0LIGAMES: Killed Zombie Miner]
[22:19:19] [Server thread/INFO] [net.minecraft.server.dedicated.DedicatedServer]: [C0LIGAMES: Killed Pig]
[22:19:19] [Server thread/INFO] [net.minecraft.server.dedicated.DedicatedServer]: [C0LIGAMES: Killed Pig]
[22:19:19] [Server thread/INFO] [net.minecraft.server.dedicated.DedicatedServer]: [C0LIGAMES: Killed Pig]
[22:19:19] [Server thread/INFO] [net.minecraft.server.dedicated.DedicatedServer]: [C0LIGAMES: Killed Horse]
[22:19:19] [Server thread/INFO] [net.minecraft.server.dedicated.DedicatedServer]: [C0LIGAMES: Killed Pig]
[22:19:19] [Server thread/INFO] [net.minecraft.server.dedicated.DedicatedServer]: [C0LIGAMES: Killed Zombie Farmer]
[22:19:19] [Server thread/INFO] [net.minecraft.server.dedicated.DedicatedServer]: [C0LIGAMES: Killed Pig]
[22:19:19] [Server thread/INFO] [net.minecraft.server.dedicated.DedicatedServer]: [C0LIGAMES: Killed Buglin]
[22:19:19] [Server thread/INFO] [net.minecraft.server.dedicated.DedicatedServer]: [C0LIGAMES: Killed Pig]
[22:19:19] [Server thread/INFO] [net.minecraft.server.dedicated.DedicatedServer]: [C0LIGAMES: Killed item.item.srparasites.assimilated_flesh]
[22:19:19] [Server thread/INFO] [net.minecraft.server.dedicated.DedicatedServer]: [C0LIGAMES: Killed Pig]
[22:19:19] [Server thread/INFO] [net.minecraft.server.dedicated.DedicatedServer]: [C0LIGAMES: Killed Horse]
[22:19:19] [Server thread/INFO] [net.minecraft.server.dedicated.DedicatedServer]: [C0LIGAMES: Killed Buglin]
[22:19:19] [Server thread/INFO] [net.minecraft.server.dedicated.DedicatedServer]: [C0LIGAMES: Killed Rupter]
[22:19:19] [Server thread/INFO] [net.minecraft.server.dedicated.DedicatedServer]: [C0LIGAMES: Killed Buglin]
[22:19:19] [Server thread/INFO] [net.minecraft.server.dedicated.DedicatedServer]: [C0LIGAMES: Killed Assimilated Human]
[22:19:19] [Server thread/INFO] [net.minecraft.server.dedicated.DedicatedServer]: [C0LIGAMES: Killed Pig]
[22:19:19] [Server thread/INFO] [net.minecraft.server.dedicated.DedicatedServer]: [C0LIGAMES: Killed Pig]
[22:19:19] [Server thread/INFO] [net.minecraft.server.dedicated.DedicatedServer]: [C0LIGAMES: Killed Pig]
[22:19:19] [Server thread/INFO] [net.minecraft.server.dedicated.DedicatedServer]: [C0LIGAMES: Killed Pig]
[22:19:19] [Server thread/INFO] [net.minecraft.server.dedicated.DedicatedServer]: [C0LIGAMES: Killed Pig]
[22:19:19] [Server thread/INFO] [net.minecraft.server.dedicated.DedicatedServer]: [C0LIGAMES: Killed Pig]
[22:19:19] [Server thread/INFO] [net.minecraft.server.dedicated.DedicatedServer]: [C0LIGAMES: Killed Buglin]
[22:19:19] [Server thread/INFO] [net.minecraft.server.dedicated.DedicatedServer]: [C0LIGAMES: Killed Pig]
[22:19:19] [Server thread/INFO] [net.minecraft.server.dedicated.DedicatedServer]: [C0LIGAMES: Killed Sheep]
[22:19:19] [Server thread/INFO] [net.minecraft.server.dedicated.DedicatedServer]: [C0LIGAMES: Killed Zombie Farmer]
[22:19:19] [Server thread/INFO] [net.minecraft.server.dedicated.DedicatedServer]: [C0LIGAMES: Killed Buglin]
[22:19:19] [Server thread/INFO] [net.minecraft.server.dedicated.DedicatedServer]: [C0LIGAMES: Killed Pig]
[22:19:19] [Server thread/INFO] [net.minecraft.server.dedicated.DedicatedServer]: [C0LIGAMES: Killed Rupter]
[22:19:19] [Server thread/INFO] [net.minecraft.server.dedicated.DedicatedServer]: [C0LIGAMES: Killed Sheep]
[22:19:19] [Server thread/INFO] [net.minecraft.server.dedicated.DedicatedServer]: [C0LIGAMES: Killed Skeleton]
[22:19:19] [Server thread/INFO] [net.minecraft.server.dedicated.DedicatedServer]: [C0LIGAMES: Killed Sheep]
[22:19:19] [Server thread/INFO] [net.minecraft.server.dedicated.DedicatedServer]: [C0LIGAMES: Killed Zombie Farmer]
[22:19:19] [Server thread/INFO] [net.minecraft.server.dedicated.DedicatedServer]: [C0LIGAMES: Killed Sheep]
[22:19:19] [Server thread/INFO] [net.minecraft.server.dedicated.DedicatedServer]: [C0LIGAMES: Killed Pig]
[22:19:19] [Server thread/INFO] [net.minecraft.server.dedicated.DedicatedServer]: [C0LIGAMES: Killed Buglin]
[22:19:19] [Server thread/INFO] [net.minecraft.server.dedicated.DedicatedServer]: [C0LIGAMES: Killed Pig]
[22:19:19] [Server thread/INFO] [net.minecraft.server.dedicated.DedicatedServer]: [C0LIGAMES: Killed item.item.srparasites.lurecomponent1]
[22:19:19] [Server thread/INFO] [net.minecraft.server.dedicated.DedicatedServer]: [C0LIGAMES: Killed Buglin]
[22:19:19] [Server thread/INFO] [net.minecraft.server.dedicated.DedicatedServer]: [C0LIGAMES: Killed Pig]
[22:19:19] [Server thread/INFO] [net.minecraft.server.dedicated.DedicatedServer]: [C0LIGAMES: Killed Rupter]
[22:19:19] [Server thread/INFO] [net.minecraft.server.dedicated.DedicatedServer]: [C0LIGAMES: Killed Pig]
[22:19:19] [Server thread/INFO] [net.minecraft.server.dedicated.DedicatedServer]: [C0LIGAMES: Killed Pig]
[22:19:19] [Server thread/INFO] [net.minecraft.server.dedicated.DedicatedServer]: [C0LIGAMES: Killed Zombie Miner]
[22:19:19] [Server thread/INFO] [net.minecraft.server.dedicated.DedicatedServer]: [C0LIGAMES: Killed Rupter]
[22:19:19] [Server thread/INFO] [net.minecraft.server.dedicated.DedicatedServer]: [C0LIGAMES: Killed Bee]
[22:19:19] [Server thread/INFO] [net.minecraft.server.dedicated.DedicatedServer]: [C0LIGAMES: Killed Rupter]
[22:19:19] [Server thread/INFO] [net.minecraft.server.dedicated.DedicatedServer]: [C0LIGAMES: Killed Rupter]
[22:19:19] [Server thread/INFO] [net.minecraft.server.dedicated.DedicatedServer]: [C0LIGAMES: Killed Buglin]
[22:19:19] [Server thread/INFO] [net.minecraft.server.dedicated.DedicatedServer]: [C0LIGAMES: Killed Pig]
[22:19:19] [Server thread/INFO] [net.minecraft.server.dedicated.DedicatedServer]: [C0LIGAMES: Killed Zombie]
[22:19:19] [Server thread/INFO] [net.minecraft.server.dedicated.DedicatedServer]: [C0LIGAMES: Killed Pig]
[22:19:19] [Server thread/INFO] [net.minecraft.server.dedicated.DedicatedServer]: [C0LIGAMES: Killed Rupter]
[22:19:19] [Server thread/INFO] [net.minecraft.server.dedicated.DedicatedServer]: [C0LIGAMES: Killed Pig]
[22:19:19] [Server thread/INFO] [net.minecraft.server.dedicated.DedicatedServer]: [C0LIGAMES: Killed Pig]
[22:19:19] [Server thread/INFO] [net.minecraft.server.dedicated.DedicatedServer]: [C0LIGAMES: Killed Rupter]
[22:19:19] [Server thread/INFO] [net.minecraft.server.dedicated.DedicatedServer]: [C0LIGAMES: Killed Buglin]
[22:19:19] [Server thread/INFO] [net.minecraft.server.dedicated.DedicatedServer]: [C0LIGAMES: Killed Bee]
[22:19:19] [Server thread/INFO] [net.minecraft.server.dedicated.DedicatedServer]: [C0LIGAMES: Killed Pig]
[22:19:19] [Server thread/INFO] [net.minecraft.server.dedicated.DedicatedServer]: [C0LIGAMES: Killed Pig]
[22:19:19] [Server thread/INFO] [net.minecraft.server.dedicated.DedicatedServer]: [C0LIGAMES: Killed Pig]
[22:19:19] [Server thread/INFO] [net.minecraft.server.dedicated.DedicatedServer]: [C0LIGAMES: Killed Pig]
[22:19:19] [Server thread/INFO] [net.minecraft.server.dedicated.DedicatedServer]: [C0LIGAMES: Killed Pig]
[22:19:19] [Server thread/INFO] [net.minecraft.server.dedicated.DedicatedServer]: [C0LIGAMES: Killed Buglin]
[22:19:19] [Server thread/INFO] [net.minecraft.server.dedicated.DedicatedServer]: [C0LIGAMES: Killed Pig]
[22:19:19] [Server thread/INFO] [net.minecraft.server.dedicated.DedicatedServer]: [C0LIGAMES: Killed Pig]
[22:19:19] [Server thread/INFO] [net.minecraft.server.dedicated.DedicatedServer]: [C0LIGAMES: Killed Pig]
[22:19:19] [Server thread/INFO] [net.minecraft.server.dedicated.DedicatedServer]: [C0LIGAMES: Killed Pig]
[22:19:19] [Server thread/INFO] [net.minecraft.server.dedicated.DedicatedServer]: [C0LIGAMES: Killed Buglin]
[22:19:19] [Server thread/INFO] [net.minecraft.server.dedicated.DedicatedServer]: [C0LIGAMES: Killed Pig]
[22:19:19] [Server thread/INFO] [net.minecraft.server.dedicated.DedicatedServer]: [C0LIGAMES: Killed Bat]
[22:19:19] [Server thread/INFO] [net.minecraft.server.dedicated.DedicatedServer]: [C0LIGAMES: Killed Sheep]
[22:19:19] [Server thread/INFO] [net.minecraft.server.dedicated.DedicatedServer]: [C0LIGAMES: Killed entity.MinecartTNT.name]
[22:19:19] [Server thread/INFO] [net.minecraft.server.dedicated.DedicatedServer]: [C0LIGAMES: Killed Pig]
[22:19:19] [Server thread/INFO] [net.minecraft.server.dedicated.DedicatedServer]: [C0LIGAMES: Killed Buglin]
[22:19:19] [Server thread/INFO] [net.minecraft.server.dedicated.DedicatedServer]: [C0LIGAMES: Killed Bee]
[22:19:19] [Server thread/INFO] [net.minecraft.server.dedicated.DedicatedServer]: [C0LIGAMES: Killed Pig]
[22:19:19] [Server thread/INFO] [net.minecraft.server.dedicated.DedicatedServer]: [C0LIGAMES: Killed Pig]
[22:19:19] [Server thread/INFO] [net.minecraft.server.dedicated.DedicatedServer]: [C0LIGAMES: Killed Pig]
[22:19:19] [Server thread/INFO] [net.minecraft.server.dedicated.DedicatedServer]: [C0LIGAMES: Killed Pig]
[22:19:19] [Server thread/INFO] [net.minecraft.server.dedicated.DedicatedServer]: [C0LIGAMES: Killed Pig]
[22:19:19] [Server thread/INFO] [net.minecraft.server.dedicated.DedicatedServer]: [C0LIGAMES: Killed Bat]
[22:19:19] [Server thread/INFO] [net.minecraft.server.dedicated.DedicatedServer]: [C0LIGAMES: Killed Pig]
[22:19:19] [Server thread/INFO] [net.minecraft.server.dedicated.DedicatedServer]: [C0LIGAMES: Killed Sheep]
[22:19:19] [Server thread/INFO] [net.minecraft.server.dedicated.DedicatedServer]: [C0LIGAMES: Killed Item Frame]
[22:19:19] [Server thread/INFO] [net.minecraft.server.dedicated.DedicatedServer]: [C0LIGAMES: Killed Boblin The Goblin]
[22:19:19] [Server thread/INFO] [net.minecraft.server.dedicated.DedicatedServer]: [C0LIGAMES: Killed Sheep]
[22:19:19] [Server thread/INFO] [net.minecraft.server.dedicated.DedicatedServer]: [C0LIGAMES: Killed Pig]
[22:19:19] [Server thread/INFO] [net.minecraft.server.dedicated.DedicatedServer]: [C0LIGAMES: Killed Pig]
[22:19:19] [Server thread/INFO] [net.minecraft.server.dedicated.DedicatedServer]: [C0LIGAMES: Killed Rupter]
[22:19:19] [Server thread/INFO] [net.minecraft.server.dedicated.DedicatedServer]: [C0LIGAMES: Killed Assimilated Human]
[22:19:19] [Server thread/INFO] [net.minecraft.server.dedicated.DedicatedServer]: [C0LIGAMES: Killed Pig]
[22:19:19] [Server thread/INFO] [net.minecraft.server.dedicated.DedicatedServer]: [C0LIGAMES: Killed Sheep]
[22:19:19] [Server thread/INFO] [net.minecraft.server.dedicated.DedicatedServer]: [C0LIGAMES: Killed Chicken]
[22:19:19] [Server thread/INFO] [net.minecraft.server.dedicated.DedicatedServer]: [C0LIGAMES: Killed Pig]
[22:19:19] [Server thread/INFO] [net.minecraft.server.dedicated.DedicatedServer]: [C0LIGAMES: Killed Zombie Miner]
[22:19:19] [Server thread/INFO] [net.minecraft.server.dedicated.DedicatedServer]: [C0LIGAMES: Killed item.item.egg]
[22:19:19] [Server thread/INFO] [net.minecraft.server.dedicated.DedicatedServer]: [C0LIGAMES: Killed Pig]
[22:19:19] [Server thread/INFO] [net.minecraft.server.dedicated.DedicatedServer]: [C0LIGAMES: Killed Pig]
[22:19:19] [Server thread/INFO] [net.minecraft.server.dedicated.DedicatedServer]: [C0LIGAMES: Killed Pig]
[22:19:19] [Server thread/INFO] [net.minecraft.server.dedicated.DedicatedServer]: [C0LIGAMES: Killed Pig]
[22:19:19] [Server thread/INFO] [net.minecraft.server.dedicated.DedicatedServer]: [C0LIGAMES: Killed Squid]
[22:19:19] [Server thread/INFO] [net.minecraft.server.dedicated.DedicatedServer]: [C0LIGAMES: Killed Rupter]
[22:19:19] [Server thread/INFO] [net.minecraft.server.dedicated.DedicatedServer]: [C0LIGAMES: Killed Rupter]
[22:19:19] [Server thread/INFO] [net.minecraft.server.dedicated.DedicatedServer]: [C0LIGAMES: Killed Rupter]
[22:19:19] [Server thread/INFO] [net.minecraft.server.dedicated.DedicatedServer]: [C0LIGAMES: Killed Squid]
[22:19:19] [Server thread/INFO] [net.minecraft.server.dedicated.DedicatedServer]: [C0LIGAMES: Killed Zombie Miner]
[22:19:19] [Server thread/INFO] [net.minecraft.server.dedicated.DedicatedServer]: [C0LIGAMES: Killed Pig]
[22:19:19] [Server thread/INFO] [net.minecraft.server.dedicated.DedicatedServer]: [C0LIGAMES: Killed Buglin]
[22:19:19] [Server thread/INFO] [net.minecraft.server.dedicated.DedicatedServer]: [C0LIGAMES: Killed Chicken]
[22:19:19] [Server thread/INFO] [net.minecraft.server.dedicated.DedicatedServer]: [C0LIGAMES: Killed item.item.egg]
[22:19:19] [Server thread/INFO] [net.minecraft.server.dedicated.DedicatedServer]: [C0LIGAMES: Killed Pig]
[22:19:19] [Server thread/INFO] [net.minecraft.server.dedicated.DedicatedServer]: [C0LIGAMES: Killed Squid]
[22:19:19] [Server thread/INFO] [net.minecraft.server.dedicated.DedicatedServer]: [C0LIGAMES: Killed Chicken]
[22:19:19] [Server thread/INFO] [net.minecraft.server.dedicated.DedicatedServer]: [C0LIGAMES: Killed Pig]
[22:19:19] [Server thread/INFO] [net.minecraft.server.dedicated.DedicatedServer]: [C0LIGAMES: Killed Buglin]
[22:19:19] [Server thread/INFO] [net.minecraft.server.dedicated.DedicatedServer]: [C0LIGAMES: Killed item.item.egg]
[22:19:19] [Server thread/INFO] [net.minecraft.server.dedicated.DedicatedServer]: [C0LIGAMES: Killed Chicken]
[22:19:19] [Server thread/INFO] [net.minecraft.server.dedicated.DedicatedServer]: [C0LIGAMES: Killed Pig]
[22:19:19] [Server thread/INFO] [net.minecraft.server.dedicated.DedicatedServer]: [C0LIGAMES: Killed Pig]
[22:19:19] [Server thread/INFO] [net.minecraft.server.dedicated.DedicatedServer]: [C0LIGAMES: Killed Rupter]
[22:19:19] [Server thread/INFO] [net.minecraft.server.dedicated.DedicatedServer]: [C0LIGAMES: Killed Chicken]
[22:19:19] [Server thread/INFO] [net.minecraft.server.dedicated.DedicatedServer]: [C0LIGAMES: Killed Pig]
[22:19:19] [Server thread/INFO] [net.minecraft.server.dedicated.DedicatedServer]: [C0LIGAMES: Killed Pig]
[22:19:19] [Server thread/INFO] [net.minecraft.server.dedicated.DedicatedServer]: [C0LIGAMES: Killed item.item.egg]
[22:19:19] [Server thread/INFO] [net.minecraft.server.dedicated.DedicatedServer]: [C0LIGAMES: Killed item.item.egg]
[22:19:19] [Server thread/INFO] [net.minecraft.server.dedicated.DedicatedServer]: [C0LIGAMES: Killed Chicken]
[22:19:19] [Server thread/INFO] [net.minecraft.server.dedicated.DedicatedServer]: [C0LIGAMES: Killed Item Frame]
[22:19:19] [Server thread/INFO] [net.minecraft.server.dedicated.DedicatedServer]: [C0LIGAMES: Killed Chicken]
[22:19:19] [Server thread/INFO] [net.minecraft.server.dedicated.DedicatedServer]: [C0LIGAMES: Killed item.item.egg]
[22:19:19] [Server thread/INFO] [net.minecraft.server.dedicated.DedicatedServer]: [C0LIGAMES: Killed Chicken]
[22:19:19] [Server thread/INFO] [net.minecraft.server.dedicated.DedicatedServer]: [C0LIGAMES: Killed Pig]
[22:19:19] [Server thread/INFO] [net.minecraft.server.dedicated.DedicatedServer]: [C0LIGAMES: Killed Boblin The Goblin]
[22:19:19] [Server thread/INFO] [net.minecraft.server.dedicated.DedicatedServer]: [C0LIGAMES: Killed Pig]
[22:19:19] [Server thread/INFO] [net.minecraft.server.dedicated.DedicatedServer]: [C0LIGAMES: Killed Minecart with Chest]
[22:19:19] [Server thread/INFO] [net.minecraft.server.dedicated.DedicatedServer]: [C0LIGAMES: Killed Chicken]
[22:19:19] [Server thread/INFO] [net.minecraft.server.dedicated.DedicatedServer]: [C0LIGAMES: Killed item.item.egg]
[22:19:19] [Server thread/INFO] [net.minecraft.server.dedicated.DedicatedServer]: [C0LIGAMES: Killed Pig]
[22:19:19] [Server thread/INFO] [net.minecraft.server.dedicated.DedicatedServer]: [C0LIGAMES: Killed item.item.egg]
[22:19:19] [Server thread/INFO] [net.minecraft.server.dedicated.DedicatedServer]: [C0LIGAMES: Killed Chicken]
[22:19:19] [Server thread/INFO] [net.minecraft.server.dedicated.DedicatedServer]: [C0LIGAMES: Killed Chicken]
[22:19:19] [Server thread/INFO] [net.minecraft.server.dedicated.DedicatedServer]: [C0LIGAMES: Killed item.item.egg]
[22:19:19] [Server thread/INFO] [net.minecraft.server.dedicated.DedicatedServer]: [C0LIGAMES: Killed Pig]
[22:19:19] [Server thread/INFO] [net.minecraft.server.dedicated.DedicatedServer]: [C0LIGAMES: Killed Chicken]
[22:19:19] [Server thread/INFO] [net.minecraft.server.dedicated.DedicatedServer]: [C0LIGAMES: Killed item.item.egg]
[22:19:19] [Server thread/INFO] [net.minecraft.server.dedicated.DedicatedServer]: [C0LIGAMES: Killed Sheep]
[22:19:19] [Server thread/INFO] [net.minecraft.server.dedicated.DedicatedServer]: [C0LIGAMES: Killed Sheep]
[22:19:19] [Server thread/INFO] [net.minecraft.server.dedicated.DedicatedServer]: [C0LIGAMES: Killed Chicken]
[22:19:19] [Server thread/INFO] [net.minecraft.server.dedicated.DedicatedServer]: [C0LIGAMES: Killed item.item.egg]
[22:19:19] [Server thread/INFO] [net.minecraft.server.dedicated.DedicatedServer]: [C0LIGAMES: Killed Pig]
[22:19:19] [Server thread/INFO] [net.minecraft.server.dedicated.DedicatedServer]: [C0LIGAMES: Killed Wolf]
[22:19:19] [Server thread/INFO] [net.minecraft.server.dedicated.DedicatedServer]: [C0LIGAMES: Killed Sheep]
[22:19:19] [Server thread/INFO] [net.minecraft.server.dedicated.DedicatedServer]: [C0LIGAMES: Killed Pig]
[22:19:19] [Server thread/INFO] [net.minecraft.server.dedicated.DedicatedServer]: [C0LIGAMES: Killed Pig]
[22:19:19] [Server thread/INFO] [net.minecraft.server.dedicated.DedicatedServer]: [C0LIGAMES: Killed Sheep]
[22:19:19] [Server thread/INFO] [net.minecraft.server.dedicated.DedicatedServer]: [C0LIGAMES: Killed Cow]
[22:19:19] [Server thread/INFO] [net.minecraft.server.dedicated.DedicatedServer]: [C0LIGAMES: Killed Pig]
[22:19:19] [Server thread/INFO] [net.minecraft.server.dedicated.DedicatedServer]: [C0LIGAMES: Killed Pig]
[22:19:19] [Server thread/INFO] [net.minecraft.server.dedicated.DedicatedServer]: [C0LIGAMES: Killed Pig]
[22:19:19] [Server thread/INFO] [net.minecraft.server.dedicated.DedicatedServer]: [C0LIGAMES: Killed Cow]
[22:19:19] [Server thread/INFO] [net.minecraft.server.dedicated.DedicatedServer]: [C0LIGAMES: Killed Sheep]
[22:19:19] [Server thread/INFO] [net.minecraft.server.dedicated.DedicatedServer]: [C0LIGAMES: Killed Chicken]
[22:19:19] [Server thread/INFO] [net.minecraft.server.dedicated.DedicatedServer]: [C0LIGAMES: Killed item.item.egg]
[22:19:19] [Server thread/INFO] [net.minecraft.server.dedicated.DedicatedServer]: [C0LIGAMES: Killed Sheep]
[22:19:19] [Server thread/INFO] [net.minecraft.server.dedicated.DedicatedServer]: [C0LIGAMES: Killed Sheep]
[22:19:19] [Server thread/INFO] [net.minecraft.server.dedicated.DedicatedServer]: [C0LIGAMES: Killed Sheep]
[22:19:19] [Server thread/INFO] [net.minecraft.server.dedicated.DedicatedServer]: [C0LIGAMES: Killed Cow]
[22:19:19] [Server thread/INFO] [net.minecraft.server.dedicated.DedicatedServer]: [C0LIGAMES: Killed Minecart with Chest]
[22:19:19] [Server thread/INFO] [net.minecraft.server.dedicated.DedicatedServer]: [C0LIGAMES: Killed Wolf]
[22:19:19] [Server thread/INFO] [net.minecraft.server.dedicated.DedicatedServer]: [C0LIGAMES: Killed Cow]
[22:19:19] [Server thread/INFO] [net.minecraft.server.dedicated.DedicatedServer]: [C0LIGAMES: Killed Pig]
[22:19:19] [Server thread/INFO] [net.minecraft.server.dedicated.DedicatedServer]: [C0LIGAMES: Killed Pig]
[22:19:19] [Server thread/INFO] [net.minecraft.server.dedicated.DedicatedServer]: [C0LIGAMES: Killed item.item.egg]
[22:19:19] [Server thread/INFO] [net.minecraft.server.dedicated.DedicatedServer]: [C0LIGAMES: Killed Pig]
[22:19:19] [Server thread/INFO] [net.minecraft.server.dedicated.DedicatedServer]: [C0LIGAMES: Killed Sheep]
[22:19:19] [Server thread/INFO] [net.minecraft.server.dedicated.DedicatedServer]: [C0LIGAMES: Killed Cow]
[22:19:19] [Server thread/INFO] [net.minecraft.server.dedicated.DedicatedServer]: [C0LIGAMES: Killed Chicken]
[22:19:19] [Server thread/INFO] [net.minecraft.server.dedicated.DedicatedServer]: [C0LIGAMES: Killed Chicken]
[22:19:19] [Server thread/INFO] [net.minecraft.server.dedicated.DedicatedServer]: [C0LIGAMES: Killed Chicken]
[22:19:19] [Server thread/INFO] [net.minecraft.server.dedicated.DedicatedServer]: [C0LIGAMES: Killed item.item.egg]
[22:19:19] [Server thread/INFO] [net.minecraft.server.dedicated.DedicatedServer]: [C0LIGAMES: Killed Chicken]
[22:19:19] [Server thread/INFO] [net.minecraft.server.dedicated.DedicatedServer]: [C0LIGAMES: Killed item.item.egg]
[22:19:19] [Server thread/INFO] [net.minecraft.server.dedicated.DedicatedServer]: [C0LIGAMES: Killed Chicken]
[22:19:19] [Server thread/INFO] [net.minecraft.server.dedicated.DedicatedServer]: [C0LIGAMES: Killed Armor Stand]
[22:19:19] [Server thread/INFO] [net.minecraft.server.dedicated.DedicatedServer]: [C0LIGAMES: Killed item.item.egg]
[22:19:19] [Server thread/INFO] [net.minecraft.server.dedicated.DedicatedServer]: [C0LIGAMES: Killed item.tile.sapling.oak]
[22:19:19] [Server thread/INFO] [net.minecraft.server.dedicated.DedicatedServer]: [C0LIGAMES: Killed Chicken]
[22:19:19] [Server thread/INFO] [net.minecraft.server.dedicated.DedicatedServer]: [C0LIGAMES: Killed item.item.egg]
[22:19:19] [Server thread/INFO] [net.minecraft.server.dedicated.DedicatedServer]: [C0LIGAMES: Killed Wolf]
[22:19:19] [Server thread/INFO] [net.minecraft.server.dedicated.DedicatedServer]: [C0LIGAMES: Killed Chicken]
[22:19:19] [Server thread/INFO] [net.minecraft.server.dedicated.DedicatedServer]: [C0LIGAMES: Killed Wolf]
[22:19:19] [Server thread/INFO] [net.minecraft.server.dedicated.DedicatedServer]: [C0LIGAMES: Killed Chicken]
[22:19:19] [Server thread/INFO] [net.minecraft.server.dedicated.DedicatedServer]: [C0LIGAMES: Killed item.tile.sapling.oak]
[22:19:19] [Server thread/INFO] [net.minecraft.server.dedicated.DedicatedServer]: [C0LIGAMES: Killed Sheep]
[22:19:19] [Server thread/INFO] [net.minecraft.server.dedicated.DedicatedServer]: [C0LIGAMES: Killed item.item.egg]
[22:19:19] [Server thread/INFO] [net.minecraft.server.dedicated.DedicatedServer]: [C0LIGAMES: Killed item.item.egg]
[22:19:19] [Server thread/INFO] [net.minecraft.server.dedicated.DedicatedServer]: [C0LIGAMES: Killed item.tile.sapling.oak]
[22:19:19] [Server thread/INFO] [net.minecraft.server.dedicated.DedicatedServer]: [C0LIGAMES: Killed Chicken]
[22:19:19] [Server thread/INFO] [net.minecraft.server.dedicated.DedicatedServer]: [C0LIGAMES: Killed Cow]
[22:19:19] [Server thread/INFO] [net.minecraft.server.dedicated.DedicatedServer]: [C0LIGAMES: Killed Pig]
[22:19:19] [Server thread/INFO] [net.minecraft.server.dedicated.DedicatedServer]: [C0LIGAMES: Killed item.tile.sapling.oak]
[22:19:19] [Server thread/INFO] [net.minecraft.server.dedicated.DedicatedServer]: [C0LIGAMES: Killed Chicken]
[22:19:19] [Server thread/INFO] [net.minecraft.server.dedicated.DedicatedServer]: [C0LIGAMES: Killed Pig]
[22:19:19] [Server thread/INFO] [net.minecraft.server.dedicated.DedicatedServer]: [C0LIGAMES: Killed Wolf]
[22:19:19] [Server thread/INFO] [net.minecraft.server.dedicated.DedicatedServer]: [C0LIGAMES: Killed item.tile.sapling.oak]
[22:19:19] [Server thread/INFO] [net.minecraft.server.dedicated.DedicatedServer]: [C0LIGAMES: Killed Cow]
[22:19:19] [Server thread/INFO] [net.minecraft.server.dedicated.DedicatedServer]: [C0LIGAMES: Killed Cow]
[22:19:19] [Server thread/INFO] [net.minecraft.server.dedicated.DedicatedServer]: [C0LIGAMES: Killed Chicken]
[22:19:19] [Server thread/INFO] [net.minecraft.server.dedicated.DedicatedServer]: [C0LIGAMES: Killed Chicken]
[22:19:19] [Server thread/INFO] [net.minecraft.server.dedicated.DedicatedServer]: [C0LIGAMES: Killed item.item.egg]
[22:19:19] [Server thread/INFO] [net.minecraft.server.dedicated.DedicatedServer]: [C0LIGAMES: Killed Chicken]
[22:19:19] [Server thread/INFO] [net.minecraft.server.dedicated.DedicatedServer]: [C0LIGAMES: Killed item.item.egg]
[22:19:19] [Server thread/INFO] [net.minecraft.server.dedicated.DedicatedServer]: [C0LIGAMES: Killed Armorer]
[22:19:19] [Server thread/INFO] [net.minecraft.server.dedicated.DedicatedServer]: [C0LIGAMES: Killed Chicken]
[22:19:19] [Server thread/INFO] [net.minecraft.server.dedicated.DedicatedServer]: [C0LIGAMES: Killed Armorer]
[22:19:19] [Server thread/INFO] [net.minecraft.server.dedicated.DedicatedServer]: [C0LIGAMES: Killed Sheep]
[22:19:19] [Server thread/INFO] [net.minecraft.server.dedicated.DedicatedServer]: [C0LIGAMES: Killed Pig]
[22:19:19] [Server thread/INFO] [net.minecraft.server.dedicated.DedicatedServer]: [C0LIGAMES: Killed Pig]
[22:19:19] [Server thread/INFO] [net.minecraft.server.dedicated.DedicatedServer]: [C0LIGAMES: Killed item.item.egg]
[22:19:19] [Server thread/INFO] [net.minecraft.server.dedicated.DedicatedServer]: [C0LIGAMES: Killed Chicken]
[22:19:19] [Server thread/INFO] [net.minecraft.server.dedicated.DedicatedServer]: [C0LIGAMES: Killed Chicken]
[22:19:19] [Server thread/INFO] [net.minecraft.server.dedicated.DedicatedServer]: [C0LIGAMES: Killed item.item.egg]
[22:19:19] [Server thread/INFO] [net.minecraft.server.dedicated.DedicatedServer]: [C0LIGAMES: Killed Wolf]
[22:19:19] [Server thread/INFO] [net.minecraft.server.dedicated.DedicatedServer]: [C0LIGAMES: Killed Chicken]
[22:19:19] [Server thread/INFO] [net.minecraft.server.dedicated.DedicatedServer]: [C0LIGAMES: Killed Wolf]
[22:19:19] [Server thread/INFO] [net.minecraft.server.dedicated.DedicatedServer]: [C0LIGAMES: Killed item.item.egg]
[22:19:19] [Server thread/INFO] [net.minecraft.server.dedicated.DedicatedServer]: [C0LIGAMES: Killed Pig]
[22:19:19] [Server thread/INFO] [net.minecraft.server.dedicated.DedicatedServer]: [C0LIGAMES: Killed Sheep]
[22:19:19] [Server thread/INFO] [net.minecraft.server.dedicated.DedicatedServer]: [C0LIGAMES: Killed Pig]
[22:19:19] [Server thread/INFO] [net.minecraft.server.dedicated.DedicatedServer]: [C0LIGAMES: Killed Pig]
[22:19:19] [Server thread/INFO] [net.minecraft.server.dedicated.DedicatedServer]: [C0LIGAMES: Killed Armor Stand]
[22:19:19] [Server thread/INFO] [net.minecraft.server.dedicated.DedicatedServer]: [C0LIGAMES: Killed Pig]
[22:19:19] [Server thread/INFO] [net.minecraft.server.dedicated.DedicatedServer]: [C0LIGAMES: Killed Sheep]
[22:19:19] [Server thread/INFO] [net.minecraft.server.dedicated.DedicatedServer]: [C0LIGAMES: Killed Chicken]
[22:19:19] [Server thread/INFO] [net.minecraft.server.dedicated.DedicatedServer]: [C0LIGAMES: Killed Sheep]
[22:19:19] [Server thread/INFO] [net.minecraft.server.dedicated.DedicatedServer]: [C0LIGAMES: Killed Wolf]
[22:19:19] [Server thread/INFO] [net.minecraft.server.dedicated.DedicatedServer]: [C0LIGAMES: Killed Sheep]
[22:19:19] [Server thread/INFO] [net.minecraft.server.dedicated.DedicatedServer]: [C0LIGAMES: Killed item.item.egg]
[22:19:19] [Server thread/INFO] [net.minecraft.server.dedicated.DedicatedServer]: [C0LIGAMES: Killed Chicken]
[22:19:19] [Server thread/INFO] [net.minecraft.server.dedicated.DedicatedServer]: [C0LIGAMES: Killed Chicken]
[22:19:19] [Server thread/INFO] [net.minecraft.server.dedicated.DedicatedServer]: [C0LIGAMES: Killed item.item.egg]
[22:19:19] [Server thread/INFO] [net.minecraft.server.dedicated.DedicatedServer]: [C0LIGAMES: Killed Chicken]
[22:19:19] [Server thread/INFO] [net.minecraft.server.dedicated.DedicatedServer]: [C0LIGAMES: Killed Chicken]
[22:19:19] [Server thread/INFO] [net.minecraft.server.dedicated.DedicatedServer]: [C0LIGAMES: Killed Chicken]
[22:19:19] [Server thread/INFO] [net.minecraft.server.dedicated.DedicatedServer]: [C0LIGAMES: Killed item.item.egg]
[22:19:19] [Server thread/INFO] [net.minecraft.server.dedicated.DedicatedServer]: [C0LIGAMES: Killed Chicken]
[22:19:19] [Server thread/INFO] [net.minecraft.server.dedicated.DedicatedServer]: [C0LIGAMES: Killed Chicken]
[22:19:19] [Server thread/INFO] [net.minecraft.server.dedicated.DedicatedServer]: [C0LIGAMES: Killed item.item.egg]
[22:19:19] [Server thread/INFO] [net.minecraft.server.dedicated.DedicatedServer]: [C0LIGAMES: Killed Wolf]
[22:19:19] [Server thread/INFO] [net.minecraft.server.dedicated.DedicatedServer]: [C0LIGAMES: Killed item.item.egg]
[22:19:19] [Server thread/INFO] [net.minecraft.server.dedicated.DedicatedServer]: [C0LIGAMES: Killed Chicken]
[22:19:19] [Server thread/INFO] [net.minecraft.server.dedicated.DedicatedServer]: [C0LIGAMES: Killed Chicken]
[22:19:19] [Server thread/INFO] [net.minecraft.server.dedicated.DedicatedServer]: [C0LIGAMES: Killed Sheep]
[22:19:19] [Server thread/INFO] [net.minecraft.server.dedicated.DedicatedServer]: [C0LIGAMES: Killed Chicken]
[22:19:19] [Server thread/INFO] [net.minecraft.server.dedicated.DedicatedServer]: [C0LIGAMES: Killed item.item.egg]
[22:19:19] [Server thread/INFO] [net.minecraft.server.dedicated.DedicatedServer]: [C0LIGAMES: Killed Pig]
[22:19:19] [Server thread/INFO] [net.minecraft.server.dedicated.DedicatedServer]: [C0LIGAMES: Killed Sheep]
[22:19:19] [Server thread/INFO] [net.minecraft.server.dedicated.DedicatedServer]: [C0LIGAMES: Killed Sheep]
[22:19:19] [Server thread/INFO] [net.minecraft.server.dedicated.DedicatedServer]: [C0LIGAMES: Killed Pig]
[22:19:19] [Server thread/INFO] [net.minecraft.server.dedicated.DedicatedServer]: [C0LIGAMES: Killed Sheep]
[22:19:19] [Server thread/INFO] [net.minecraft.server.dedicated.DedicatedServer]: [C0LIGAMES: Killed Sheep]
[22:19:19] [Server thread/INFO] [net.minecraft.server.dedicated.DedicatedServer]: [C0LIGAMES: Killed Chicken]
[22:19:19] [Server thread/INFO] [net.minecraft.server.dedicated.DedicatedServer]: [C0LIGAMES: Killed Chicken]
[22:19:19] [Server thread/INFO] [net.minecraft.server.dedicated.DedicatedServer]: [C0LIGAMES: Killed Chicken]
[22:19:19] [Server thread/INFO] [net.minecraft.server.dedicated.DedicatedServer]: [C0LIGAMES: Killed item.item.egg]
[22:19:19] [Server thread/INFO] [net.minecraft.server.dedicated.DedicatedServer]: [C0LIGAMES: Killed Pig]
[22:19:19] [Server thread/INFO] [net.minecraft.server.dedicated.DedicatedServer]: [C0LIGAMES: Killed item.item.egg]
[22:19:19] [Server thread/INFO] [net.minecraft.server.dedicated.DedicatedServer]: [C0LIGAMES: Killed Chicken]
[22:19:19] [Server thread/INFO] [net.minecraft.server.dedicated.DedicatedServer]: [C0LIGAMES: Killed Chicken]
[22:19:19] [Server thread/INFO] [net.minecraft.server.dedicated.DedicatedServer]: [C0LIGAMES: Killed Chicken]
[22:19:19] [Server thread/INFO] [net.minecraft.server.dedicated.DedicatedServer]: [C0LIGAMES: Killed item.item.egg]
[22:19:19] [Server thread/INFO] [net.minecraft.server.dedicated.DedicatedServer]: [C0LIGAMES: Killed Chicken]
[22:19:19] [Server thread/INFO] [net.minecraft.server.dedicated.DedicatedServer]: [C0LIGAMES: Killed Wolf]
[22:19:19] [Server thread/INFO] [net.minecraft.server.dedicated.DedicatedServer]: [C0LIGAMES: Killed Wolf]
[22:19:19] [Server thread/INFO] [net.minecraft.server.dedicated.DedicatedServer]: [C0LIGAMES: Killed Sheep]
[22:19:19] [Server thread/INFO] [net.minecraft.server.dedicated.DedicatedServer]: [C0LIGAMES: Killed Chicken]
[22:19:19] [Server thread/INFO] [net.minecraft.server.dedicated.DedicatedServer]: [C0LIGAMES: Killed Chicken]
[22:19:19] [Server thread/INFO] [net.minecraft.server.dedicated.DedicatedServer]: [C0LIGAMES: Killed Sheep]
[22:19:19] [Server thread/INFO] [net.minecraft.server.dedicated.DedicatedServer]: [C0LIGAMES: Killed Sheep]
[22:19:19] [Server thread/INFO] [net.minecraft.server.dedicated.DedicatedServer]: [C0LIGAMES: Killed Chicken]
[22:19:19] [Server thread/INFO] [net.minecraft.server.dedicated.DedicatedServer]: [C0LIGAMES: Killed item.item.egg]
[22:19:19] [Server thread/INFO] [net.minecraft.server.dedicated.DedicatedServer]: [C0LIGAMES: Killed item.item.egg]
[22:19:19] [Server thread/INFO] [net.minecraft.server.dedicated.DedicatedServer]: [C0LIGAMES: Killed item.item.egg]
[22:19:19] [Server thread/INFO] [net.minecraft.server.dedicated.DedicatedServer]: [C0LIGAMES: Killed Sheep]
[22:19:19] [Server thread/INFO] [net.minecraft.server.dedicated.DedicatedServer]: [C0LIGAMES: Killed Wolf]
[22:19:19] [Server thread/INFO] [net.minecraft.server.dedicated.DedicatedServer]: [C0LIGAMES: Killed Pig]
[22:19:19] [Server thread/INFO] [net.minecraft.server.dedicated.DedicatedServer]: [C0LIGAMES: Killed Chicken]
[22:19:19] [Server thread/INFO] [net.minecraft.server.dedicated.DedicatedServer]: [C0LIGAMES: Killed item.item.egg]
[22:19:19] [Server thread/INFO] [net.minecraft.server.dedicated.DedicatedServer]: [C0LIGAMES: Killed Sheep]
[22:19:19] [Server thread/INFO] [net.minecraft.server.dedicated.DedicatedServer]: [C0LIGAMES: Killed Pig]
[22:19:19] [Server thread/INFO] [net.minecraft.server.dedicated.DedicatedServer]: [C0LIGAMES: Killed item.item.egg]
[22:19:19] [Server thread/INFO] [net.minecraft.server.dedicated.DedicatedServer]: [C0LIGAMES: Killed Chicken]
[22:19:19] [Server thread/INFO] [net.minecraft.server.dedicated.DedicatedServer]: [C0LIGAMES: Killed Pig]
[22:19:19] [Server thread/INFO] [net.minecraft.server.dedicated.DedicatedServer]: [C0LIGAMES: Killed item.tile.sapling.oak]
[22:19:19] [Server thread/INFO] [net.minecraft.server.dedicated.DedicatedServer]: [C0LIGAMES: Killed Pig]
[22:19:19] [Server thread/INFO] [net.minecraft.server.dedicated.DedicatedServer]: [C0LIGAMES: Killed Chicken]
[22:19:19] [Server thread/INFO] [net.minecraft.server.dedicated.DedicatedServer]: [C0LIGAMES: Killed Chicken]
[22:19:19] [Server thread/INFO] [net.minecraft.server.dedicated.DedicatedServer]: [C0LIGAMES: Killed item.item.egg]
[22:19:19] [Server thread/INFO] [net.minecraft.server.dedicated.DedicatedServer]: [C0LIGAMES: Killed item.item.egg]
[22:19:19] [Server thread/INFO] [net.minecraft.server.dedicated.DedicatedServer]: [C0LIGAMES: Killed item.item.egg]
[22:19:19] [Server thread/INFO] [net.minecraft.server.dedicated.DedicatedServer]: [C0LIGAMES: Killed Chicken]
[22:19:19] [Server thread/INFO] [net.minecraft.server.dedicated.DedicatedServer]: [C0LIGAMES: Killed Chicken]
[22:19:19] [Server thread/INFO] [net.minecraft.server.dedicated.DedicatedServer]: [C0LIGAMES: Killed item.item.egg]
[22:19:19] [Server thread/INFO] [net.minecraft.server.dedicated.DedicatedServer]: [C0LIGAMES: Killed Chicken]
[22:19:19] [Server thread/INFO] [net.minecraft.server.dedicated.DedicatedServer]: [C0LIGAMES: Killed Chicken]
[22:19:19] [Server thread/INFO] [net.minecraft.server.dedicated.DedicatedServer]: [C0LIGAMES: Killed Chicken]
[22:19:19] [Server thread/INFO] [net.minecraft.server.dedicated.DedicatedServer]: [C0LIGAMES: Killed item.item.egg]
[22:19:19] [Server thread/INFO] [net.minecraft.server.dedicated.DedicatedServer]: [C0LIGAMES: Killed Chicken]
[22:19:19] [Server thread/INFO] [net.minecraft.server.dedicated.DedicatedServer]: [C0LIGAMES: Killed item.item.egg]
[22:19:19] [Server thread/INFO] [net.minecraft.server.dedicated.DedicatedServer]: [C0LIGAMES: Killed Chicken]
[22:19:19] [Server thread/INFO] [net.minecraft.server.dedicated.DedicatedServer]: [C0LIGAMES: Killed Chicken]
[22:19:19] [Server thread/INFO] [net.minecraft.server.dedicated.DedicatedServer]: [C0LIGAMES: Killed Chicken]
[22:19:19] [Server thread/INFO] [net.minecraft.server.dedicated.DedicatedServer]: [C0LIGAMES: Killed item.item.egg]
[22:19:19] [Server thread/INFO] [net.minecraft.server.dedicated.DedicatedServer]: [C0LIGAMES: Killed item.item.egg]
[22:19:19] [Server thread/INFO] [net.minecraft.server.dedicated.DedicatedServer]: [C0LIGAMES: Killed Chicken]
[22:19:19] [Server thread/INFO] [net.minecraft.server.dedicated.DedicatedServer]: [C0LIGAMES: Killed Chicken]
[22:19:19] [Server thread/INFO] [net.minecraft.server.dedicated.DedicatedServer]: [C0LIGAMES: Killed Chicken]
[22:19:19] [Server thread/INFO] [net.minecraft.server.dedicated.DedicatedServer]: [C0LIGAMES: Killed Pig]
[22:19:19] [Server thread/INFO] [net.minecraft.server.dedicated.DedicatedServer]: [C0LIGAMES: Killed Chicken]
[22:19:19] [Server thread/INFO] [net.minecraft.server.dedicated.DedicatedServer]: [C0LIGAMES: Killed Chicken]
[22:19:19] [Server thread/INFO] [net.minecraft.server.dedicated.DedicatedServer]: [C0LIGAMES: Killed Remain]
[22:19:19] [Server thread/INFO] [net.minecraft.server.dedicated.DedicatedServer]: [C0LIGAMES: Killed Pig]
[22:19:19] [Server thread/INFO] [net.minecraft.server.dedicated.DedicatedServer]: [C0LIGAMES: Killed Chicken]
[22:19:19] [Server thread/INFO] [net.minecraft.server.dedicated.DedicatedServer]: [C0LIGAMES: Killed Chicken]
[22:19:19] [Server thread/INFO] [net.minecraft.server.dedicated.DedicatedServer]: [C0LIGAMES: Killed Chicken]
[22:19:19] [Server thread/INFO] [net.minecraft.server.dedicated.DedicatedServer]: [C0LIGAMES: Killed item.item.egg]
[22:19:19] [Server thread/INFO] [net.minecraft.server.dedicated.DedicatedServer]: [C0LIGAMES: Killed Pig]
[22:19:19] [Server thread/INFO] [net.minecraft.server.dedicated.DedicatedServer]: [C0LIGAMES: Killed Chicken]
[22:19:19] [Server thread/INFO] [net.minecraft.server.dedicated.DedicatedServer]: [C0LIGAMES: Killed Chicken]
[22:19:19] [Server thread/INFO] [net.minecraft.server.dedicated.DedicatedServer]: [C0LIGAMES: Killed item.item.egg]
[22:19:19] [Server thread/INFO] [net.minecraft.server.dedicated.DedicatedServer]: [C0LIGAMES: Killed item.item.egg]
[22:19:19] [Server thread/INFO] [net.minecraft.server.dedicated.DedicatedServer]: [C0LIGAMES: Killed Chicken]
[22:19:19] [Server thread/INFO] [net.minecraft.server.dedicated.DedicatedServer]: [C0LIGAMES: Killed Sheep]
[22:19:19] [Server thread/INFO] [net.minecraft.server.dedicated.DedicatedServer]: [C0LIGAMES: Killed Chicken]
[22:19:19] [Server thread/INFO] [net.minecraft.server.dedicated.DedicatedServer]: [C0LIGAMES: Killed item.item.egg]
[22:19:19] [Server thread/INFO] [net.minecraft.server.dedicated.DedicatedServer]: [C0LIGAMES: Killed item.item.egg]
[22:19:19] [Server thread/INFO] [net.minecraft.server.dedicated.DedicatedServer]: [C0LIGAMES: Killed Chicken]
[22:19:19] [Server thread/INFO] [net.minecraft.server.dedicated.DedicatedServer]: [C0LIGAMES: Killed Chicken]
[22:19:19] [Server thread/INFO] [net.minecraft.server.dedicated.DedicatedServer]: [C0LIGAMES: Killed Chicken]
[22:19:19] [Server thread/INFO] [net.minecraft.server.dedicated.DedicatedServer]: [C0LIGAMES: Killed Chicken]
[22:19:19] [Server thread/INFO] [net.minecraft.server.dedicated.DedicatedServer]: [C0LIGAMES: Killed item.item.egg]
[22:19:19] [Server thread/INFO] [net.minecraft.server.dedicated.DedicatedServer]: [C0LIGAMES: Killed Chicken]
[22:19:19] [Server thread/INFO] [net.minecraft.server.dedicated.DedicatedServer]: [C0LIGAMES: Killed Chicken]
[22:19:19] [Server thread/INFO] [net.minecraft.server.dedicated.DedicatedServer]: [C0LIGAMES: Killed Chicken]
[22:19:19] [Server thread/INFO] [net.minecraft.server.dedicated.DedicatedServer]: [C0LIGAMES: Killed Remain]
[22:19:19] [Server thread/INFO] [net.minecraft.server.dedicated.DedicatedServer]: [C0LIGAMES: Killed Remain]
[22:19:19] [Server thread/INFO] [net.minecraft.server.dedicated.DedicatedServer]: [C0LIGAMES: Killed Remain]
[22:19:19] [Server thread/INFO] [net.minecraft.server.dedicated.DedicatedServer]: [C0LIGAMES: Killed Remain]
[22:19:19] [Server thread/INFO] [net.minecraft.server.dedicated.DedicatedServer]: [C0LIGAMES: Killed Chicken]
[22:19:19] [Server thread/INFO] [net.minecraft.server.dedicated.DedicatedServer]: [C0LIGAMES: Killed item.item.egg]
[22:19:19] [Server thread/INFO] [net.minecraft.server.dedicated.DedicatedServer]: [C0LIGAMES: Killed Chicken]
[22:19:19] [Server thread/INFO] [net.minecraft.server.dedicated.DedicatedServer]: [C0LIGAMES: Killed item.item.egg]
[22:19:19] [Server thread/INFO] [net.minecraft.server.dedicated.DedicatedServer]: [C0LIGAMES: Killed item.item.egg]
[22:19:19] [Server thread/INFO] [net.minecraft.server.dedicated.DedicatedServer]: [C0LIGAMES: Killed Chicken]
[22:19:19] [Server thread/INFO] [net.minecraft.server.dedicated.DedicatedServer]: [C0LIGAMES: Killed Chicken]
[22:19:19] [Server thread/INFO] [net.minecraft.server.dedicated.DedicatedServer]: [C0LIGAMES: Killed Chicken]
[22:19:19] [Server thread/INFO] [net.minecraft.server.dedicated.DedicatedServer]: [C0LIGAMES: Killed Chicken]
[22:19:19] [Server thread/INFO] [net.minecraft.server.dedicated.DedicatedServer]: [C0LIGAMES: Killed item.item.egg]
[22:19:19] [Server thread/INFO] [net.minecraft.server.dedicated.DedicatedServer]: [C0LIGAMES: Killed Chicken]
[22:19:19] [Server thread/INFO] [net.minecraft.server.dedicated.DedicatedServer]: [C0LIGAMES: Killed Chicken]
[22:19:30] [Server thread/WARN] [net.minecraft.entity.EntityTrackerEntry]: Fetching addPacket for removed entity
[22:19:30] [Server thread/WARN] [net.minecraft.entity.EntityTrackerEntry]: Fetching addPacket for removed entity
[22:19:37] [Server thread/WARN] [net.minecraft.entity.EntityTrackerEntry]: Fetching addPacket for removed entity
[22:19:37] [Server thread/WARN] [net.minecraft.entity.EntityTrackerEntry]: Fetching addPacket for removed entity
[22:19:37] [Server thread/WARN] [net.minecraft.entity.EntityTrackerEntry]: Fetching addPacket for removed entity
[22:19:37] [Server thread/WARN] [net.minecraft.entity.EntityTrackerEntry]: Fetching addPacket for removed entity
[22:19:38] [Server thread/WARN] [net.minecraft.entity.EntityTrackerEntry]: Fetching addPacket for removed entity
[22:19:38] [Server thread/WARN] [net.minecraft.entity.EntityTrackerEntry]: Fetching addPacket for removed entity
[22:19:39] [Server thread/WARN] [net.minecraft.entity.EntityTrackerEntry]: Fetching addPacket for removed entity
[22:19:39] [Server thread/WARN] [net.minecraft.entity.EntityTrackerEntry]: Fetching addPacket for removed entity
[22:19:39] [Server thread/INFO] [net.minecraft.server.dedicated.DedicatedServer]: joaocover was slain by joaocover's Zombie
[22:19:41] [Server thread/WARN] [net.minecraft.entity.EntityTrackerEntry]: Fetching addPacket for removed entity
[22:19:41] [Server thread/WARN] [net.minecraft.entity.EntityTrackerEntry]: Fetching addPacket for removed entity
[22:19:41] [Server thread/WARN] [net.minecraft.entity.EntityTrackerEntry]: Fetching addPacket for removed entity
[22:19:41] [Server thread/WARN] [net.minecraft.entity.EntityTrackerEntry]: Fetching addPacket for removed entity
[22:19:43] [Server thread/WARN] [net.minecraft.entity.EntityTrackerEntry]: Fetching addPacket for removed entity
[22:19:43] [Server thread/WARN] [net.minecraft.entity.EntityTrackerEntry]: Fetching addPacket for removed entity
[22:19:43] [Server thread/WARN] [net.minecraft.entity.EntityTrackerEntry]: Fetching addPacket for removed entity
[22:19:43] [Server thread/WARN] [net.minecraft.entity.EntityTrackerEntry]: Fetching addPacket for removed entity
[22:19:44] [Server thread/WARN] [net.minecraft.entity.EntityTrackerEntry]: Fetching addPacket for removed entity
[22:19:44] [Server thread/WARN] [net.minecraft.entity.EntityTrackerEntry]: Fetching addPacket for removed entity
[22:19:45] [Server thread/WARN] [net.minecraft.entity.EntityTrackerEntry]: Fetching addPacket for removed entity
[22:19:45] [Server thread/WARN] [net.minecraft.entity.EntityTrackerEntry]: Fetching addPacket for removed entity
[22:19:45] [Server thread/WARN] [net.minecraft.entity.EntityTrackerEntry]: Fetching addPacket for removed entity
[22:19:45] [Server thread/WARN] [net.minecraft.entity.EntityTrackerEntry]: Fetching addPacket for removed entity
[22:19:45] [Server thread/WARN] [net.minecraft.entity.EntityTrackerEntry]: Fetching addPacket for removed entity
[22:19:45] [Server thread/WARN] [net.minecraft.entity.EntityTrackerEntry]: Fetching addPacket for removed entity
[22:19:45] [Server thread/WARN] [net.minecraft.entity.EntityTrackerEntry]: Fetching addPacket for removed entity
[22:19:45] [Server thread/WARN] [net.minecraft.entity.EntityTrackerEntry]: Fetching addPacket for removed entity
[22:19:50] [Server thread/INFO] [FML]: Loading dimension -1 (world) (net.minecraft.server.dedicated.DedicatedServer@1e98c29b)
[22:19:51] [Server thread/INFO] [FML]: Unloading dimension -1
[22:19:52] [Server thread/WARN] [net.minecraft.entity.EntityTrackerEntry]: Fetching addPacket for removed entity
[22:19:52] [Server thread/WARN] [net.minecraft.entity.EntityTrackerEntry]: Fetching addPacket for removed entity
[22:19:53] [Server thread/WARN] [net.minecraft.entity.EntityTrackerEntry]: Fetching addPacket for removed entity
[22:19:53] [Server thread/WARN] [net.minecraft.entity.EntityTrackerEntry]: Fetching addPacket for removed entity
[22:19:57] [Server thread/WARN] [net.minecraft.entity.EntityTrackerEntry]: Fetching addPacket for removed entity
[22:19:57] [Server thread/WARN] [net.minecraft.entity.EntityTrackerEntry]: Fetching addPacket for removed entity
[22:19:59] [Server thread/WARN] [net.minecraft.entity.EntityTrackerEntry]: Fetching addPacket for removed entity
[22:19:59] [Server thread/WARN] [net.minecraft.entity.EntityTrackerEntry]: Fetching addPacket for removed entity
[22:19:59] [Server thread/WARN] [net.minecraft.entity.EntityTrackerEntry]: Fetching addPacket for removed entity
[22:19:59] [Server thread/WARN] [net.minecraft.entity.EntityTrackerEntry]: Fetching addPacket for removed entity
[22:19:59] [Server thread/INFO] [FML]: Loading dimension -1 (world) (net.minecraft.server.dedicated.DedicatedServer@1e98c29b)
[22:20:00] [Server thread/INFO] [FML]: Unloading dimension -1
[22:20:01] [Server thread/WARN] [net.minecraft.entity.EntityTrackerEntry]: Fetching addPacket for removed entity
[22:20:01] [Server thread/WARN] [net.minecraft.entity.EntityTrackerEntry]: Fetching addPacket for removed entity
[22:20:02] [Server thread/WARN] [net.minecraft.entity.EntityTrackerEntry]: Fetching addPacket for removed entity
[22:20:02] [Server thread/WARN] [net.minecraft.entity.EntityTrackerEntry]: Fetching addPacket for removed entity
[22:20:06] [Server thread/WARN] [net.minecraft.entity.EntityTrackerEntry]: Fetching addPacket for removed entity
[22:20:06] [Server thread/WARN] [net.minecraft.entity.EntityTrackerEntry]: Fetching addPacket for removed entity
[22:20:07] [Server thread/WARN] [net.minecraft.entity.EntityTrackerEntry]: Fetching addPacket for removed entity
[22:20:07] [Server thread/WARN] [net.minecraft.entity.EntityTrackerEntry]: Fetching addPacket for removed entity
[22:20:12] [Server thread/WARN] [net.minecraft.entity.EntityTrackerEntry]: Fetching addPacket for removed entity
[22:20:12] [Server thread/WARN] [net.minecraft.entity.EntityTrackerEntry]: Fetching addPacket for removed entity
[22:20:13] [Server thread/WARN] [net.minecraft.entity.EntityTrackerEntry]: Fetching addPacket for removed entity
[22:20:13] [Server thread/WARN] [net.minecraft.entity.EntityTrackerEntry]: Fetching addPacket for removed entity
[22:20:14] [Server thread/WARN] [net.minecraft.entity.EntityTrackerEntry]: Fetching addPacket for removed entity
[22:20:14] [Server thread/WARN] [net.minecraft.entity.EntityTrackerEntry]: Fetching addPacket for removed entity
[22:20:20] [Server thread/WARN] [net.minecraft.entity.EntityTrackerEntry]: Fetching addPacket for removed entity
[22:20:20] [Server thread/WARN] [net.minecraft.entity.EntityTrackerEntry]: Fetching addPacket for removed entity
[22:20:21] [Server thread/INFO] [net.minecraft.server.dedicated.DedicatedServer]: joaocover was slain by joaocover's Zombie
[22:20:26] [Server thread/WARN] [net.minecraft.entity.EntityTrackerEntry]: Fetching addPacket for removed entity
[22:20:26] [Server thread/WARN] [net.minecraft.entity.EntityTrackerEntry]: Fetching addPacket for removed entity
[22:20:29] [Server thread/WARN] [net.minecraft.entity.EntityTrackerEntry]: Fetching addPacket for removed entity
[22:20:29] [Server thread/WARN] [net.minecraft.entity.EntityTrackerEntry]: Fetching addPacket for removed entity
[22:20:29] [Server thread/WARN] [net.minecraft.entity.EntityTrackerEntry]: Fetching addPacket for removed entity
[22:20:29] [Server thread/WARN] [net.minecraft.entity.EntityTrackerEntry]: Fetching addPacket for removed entity
[22:20:32] [Server thread/WARN] [net.minecraft.entity.EntityTrackerEntry]: Fetching addPacket for removed entity
[22:20:32] [Server thread/WARN] [net.minecraft.entity.EntityTrackerEntry]: Fetching addPacket for removed entity
[22:20:32] [Server thread/WARN] [net.minecraft.entity.EntityTrackerEntry]: Fetching addPacket for removed entity
[22:20:32] [Server thread/WARN] [net.minecraft.entity.EntityTrackerEntry]: Fetching addPacket for removed entity
[22:20:32] [Server thread/WARN] [net.minecraft.entity.EntityTrackerEntry]: Fetching addPacket for removed entity
[22:20:32] [Server thread/WARN] [net.minecraft.entity.EntityTrackerEntry]: Fetching addPacket for removed entity
[22:20:40] [Server thread/INFO] [net.minecraft.network.NetHandlerPlayServer]: joaocover lost connection: Timed out
[22:20:40] [Server thread/INFO] [net.minecraft.server.dedicated.DedicatedServer]: joaocover left the game
[22:20:42] [Server thread/WARN] [net.minecraft.entity.EntityTrackerEntry]: Fetching addPacket for removed entity
[22:20:42] [Server thread/WARN] [net.minecraft.entity.EntityTrackerEntry]: Fetching addPacket for removed entity
[22:20:43] [Server thread/WARN] [net.minecraft.entity.EntityTrackerEntry]: Fetching addPacket for removed entity
[22:20:43] [Server thread/WARN] [net.minecraft.entity.EntityTrackerEntry]: Fetching addPacket for removed entity
[22:20:43] [Server thread/WARN] [net.minecraft.entity.EntityTrackerEntry]: Fetching addPacket for removed entity
[22:20:44] [Server thread/WARN] [net.minecraft.entity.EntityTrackerEntry]: Fetching addPacket for removed entity
[22:20:44] [Server thread/WARN] [net.minecraft.entity.EntityTrackerEntry]: Fetching addPacket for removed entity
[22:20:53] [Server thread/INFO] [net.minecraft.server.dedicated.DedicatedServer]: [C0LIGAMES: Set own game mode to Survival Mode]
[22:20:55] [Server thread/WARN] [net.minecraft.entity.EntityTrackerEntry]: Fetching addPacket for removed entity
[22:20:55] [Server thread/WARN] [net.minecraft.entity.EntityTrackerEntry]: Fetching addPacket for removed entity
[22:21:03] [Server thread/WARN] [net.minecraft.entity.EntityTrackerEntry]: Fetching addPacket for removed entity
[22:21:05] [Server thread/WARN] [net.minecraft.entity.EntityTrackerEntry]: Fetching addPacket for removed entity
[22:21:05] [Server thread/WARN] [net.minecraft.entity.EntityTrackerEntry]: Fetching addPacket for removed entity
[22:21:13] [Server thread/WARN] [net.minecraft.entity.EntityTrackerEntry]: Fetching addPacket for removed entity
[22:21:14] [Server thread/WARN] [net.minecraft.entity.EntityTrackerEntry]: Fetching addPacket for removed entity
[22:21:17] [Server thread/WARN] [net.minecraft.entity.EntityTrackerEntry]: Fetching addPacket for removed entity
[22:21:17] [Server thread/WARN] [net.minecraft.entity.EntityTrackerEntry]: Fetching addPacket for removed entity
[22:21:19] [Server thread/WARN] [net.minecraft.entity.EntityTrackerEntry]: Fetching addPacket for removed entity
[22:21:25] [Server thread/WARN] [net.minecraft.entity.EntityTrackerEntry]: Fetching addPacket for removed entity
[22:21:27] [Server thread/WARN] [net.minecraft.entity.EntityTrackerEntry]: Fetching addPacket for removed entity
[22:21:32] [Server thread/WARN] [net.minecraft.entity.EntityTrackerEntry]: Fetching addPacket for removed entity
[22:21:36] [Server thread/INFO] [net.minecraft.server.dedicated.DedicatedServer]: [C0LIGAMES: Set own game mode to Spectator Mode]
[22:21:53] [Server thread/INFO] [net.minecraft.server.dedicated.DedicatedServer]: [C0LIGAMES: Set own game mode to Creative Mode]
[22:21:53] [Server thread/WARN] [net.minecraft.entity.EntityTrackerEntry]: Fetching addPacket for removed entity
[22:21:54] [Server thread/WARN] [net.minecraft.entity.EntityTrackerEntry]: Fetching addPacket for removed entity
[22:21:55] [Server thread/WARN] [net.minecraft.entity.EntityTrackerEntry]: Fetching addPacket for removed entity
[22:21:56] [Server thread/WARN] [net.minecraft.entity.EntityTrackerEntry]: Fetching addPacket for removed entity
[22:22:01] [Server thread/WARN] [net.minecraft.entity.EntityTrackerEntry]: Fetching addPacket for removed entity
[22:22:05] [Server thread/WARN] [net.minecraft.entity.EntityTrackerEntry]: Fetching addPacket for removed entity
[22:22:05] [Server thread/WARN] [net.minecraft.entity.EntityTrackerEntry]: Fetching addPacket for removed entity
[22:22:08] [Server thread/WARN] [net.minecraft.entity.EntityTrackerEntry]: Fetching addPacket for removed entity
[22:22:11] [Server thread/WARN] [net.minecraft.entity.EntityTrackerEntry]: Fetching addPacket for removed entity
[22:22:11] [Server thread/WARN] [net.minecraft.entity.EntityTrackerEntry]: Fetching addPacket for removed entity
[22:22:12] [Server thread/WARN] [net.minecraft.entity.EntityTrackerEntry]: Fetching addPacket for removed entity
[22:22:13] [Server thread/WARN] [net.minecraft.entity.EntityTrackerEntry]: Fetching addPacket for removed entity
[22:22:14] [Server thread/WARN] [net.minecraft.entity.EntityTrackerEntry]: Fetching addPacket for removed entity
[22:22:14] [Server thread/WARN] [net.minecraft.entity.EntityTrackerEntry]: Fetching addPacket for removed entity
[22:22:16] [Server thread/WARN] [net.minecraft.entity.EntityTrackerEntry]: Fetching addPacket for removed entity
[22:22:21] [Server thread/WARN] [net.minecraft.entity.EntityTrackerEntry]: Fetching addPacket for removed entity
[22:22:25] [Server thread/WARN] [net.minecraft.entity.EntityTrackerEntry]: Fetching addPacket for removed entity
[22:22:27] [Server thread/WARN] [net.minecraft.entity.EntityTrackerEntry]: Fetching addPacket for removed entity
[22:22:31] [Server thread/WARN] [net.minecraft.entity.EntityTrackerEntry]: Fetching addPacket for removed entity
[22:22:31] [Server thread/WARN] [net.minecraft.entity.EntityTrackerEntry]: Fetching addPacket for removed entity
[22:22:40] [Server thread/WARN] [net.minecraft.entity.EntityTrackerEntry]: Fetching addPacket for removed entity
[22:22:40] [Server thread/WARN] [net.minecraft.entity.EntityTrackerEntry]: Fetching addPacket for removed entity
[22:22:41] [Server thread/WARN] [net.minecraft.entity.EntityTrackerEntry]: Fetching addPacket for removed entity
[22:22:42] [Server thread/WARN] [net.minecraft.entity.EntityTrackerEntry]: Fetching addPacket for removed entity
[22:22:42] [Server thread/WARN] [net.minecraft.entity.EntityTrackerEntry]: Fetching addPacket for removed entity
[22:22:42] [Server thread/WARN] [net.minecraft.entity.EntityTrackerEntry]: Fetching addPacket for removed entity
[22:22:43] [Server thread/WARN] [net.minecraft.entity.EntityTrackerEntry]: Fetching addPacket for removed entity
[22:22:45] [Server thread/WARN] [net.minecraft.entity.EntityTrackerEntry]: Fetching addPacket for removed entity
[22:22:51] [Server thread/WARN] [net.minecraft.entity.EntityTrackerEntry]: Fetching addPacket for removed entity
[22:22:52] [Server thread/WARN] [net.minecraft.entity.EntityTrackerEntry]: Fetching addPacket for removed entity
[22:22:53] [Server thread/WARN] [net.minecraft.entity.EntityTrackerEntry]: Fetching addPacket for removed entity
[22:22:54] [Server thread/WARN] [net.minecraft.entity.EntityTrackerEntry]: Fetching addPacket for removed entity
[22:22:57] [Server thread/WARN] [net.minecraft.entity.EntityTrackerEntry]: Fetching addPacket for removed entity
[22:22:58] [Server thread/WARN] [net.minecraft.entity.EntityTrackerEntry]: Fetching addPacket for removed entity
[22:23:01] [Server thread/WARN] [net.minecraft.entity.EntityTrackerEntry]: Fetching addPacket for removed entity
[22:23:04] [Server thread/WARN] [net.minecraft.entity.EntityTrackerEntry]: Fetching addPacket for removed entity
[22:23:04] [Server thread/WARN] [net.minecraft.entity.EntityTrackerEntry]: Fetching addPacket for removed entity
[22:23:05] [Server thread/WARN] [net.minecraft.entity.EntityTrackerEntry]: Fetching addPacket for removed entity
[22:23:10] [Server thread/WARN] [net.minecraft.entity.EntityTrackerEntry]: Fetching addPacket for removed entity
[22:23:10] [Server thread/WARN] [net.minecraft.entity.EntityTrackerEntry]: Fetching addPacket for removed entity
[22:23:10] [Server thread/WARN] [net.minecraft.entity.EntityTrackerEntry]: Fetching addPacket for removed entity
[22:23:11] [Server thread/WARN] [net.minecraft.entity.EntityTrackerEntry]: Fetching addPacket for removed entity
[22:23:17] [Server thread/WARN] [net.minecraft.entity.EntityTrackerEntry]: Fetching addPacket for removed entity
[22:23:18] [Server thread/WARN] [net.minecraft.entity.EntityTrackerEntry]: Fetching addPacket for removed entity
[22:23:22] [Server thread/WARN] [net.minecraft.entity.EntityTrackerEntry]: Fetching addPacket for removed entity
[22:23:26] [Server thread/WARN] [net.minecraft.entity.EntityTrackerEntry]: Fetching addPacket for removed entity
[22:23:31] [Server thread/WARN] [net.minecraft.entity.EntityTrackerEntry]: Fetching addPacket for removed entity
[22:23:31] [Server thread/WARN] [net.minecraft.entity.EntityTrackerEntry]: Fetching addPacket for removed entity
[22:23:36] [Server thread/WARN] [net.minecraft.entity.EntityTrackerEntry]: Fetching addPacket for removed entity
[22:23:36] [Server thread/WARN] [net.minecraft.entity.EntityTrackerEntry]: Fetching addPacket for removed entity
[22:23:37] [Server thread/WARN] [net.minecraft.entity.EntityTrackerEntry]: Fetching addPacket for removed entity
[22:23:40] [Server thread/WARN] [net.minecraft.entity.EntityTrackerEntry]: Fetching addPacket for removed entity
[22:23:41] [Server thread/WARN] [net.minecraft.entity.EntityTrackerEntry]: Fetching addPacket for removed entity
[22:23:47] [Server thread/WARN] [net.minecraft.entity.EntityTrackerEntry]: Fetching addPacket for removed entity
[22:23:47] [Server thread/WARN] [net.minecraft.entity.EntityTrackerEntry]: Fetching addPacket for removed entity
[22:23:48] [Server thread/WARN] [net.minecraft.entity.EntityTrackerEntry]: Fetching addPacket for removed entity
[22:23:48] [Server thread/WARN] [net.minecraft.entity.EntityTrackerEntry]: Fetching addPacket for removed entity
[22:23:53] [Server thread/WARN] [net.minecraft.entity.EntityTrackerEntry]: Fetching addPacket for removed entity
[22:24:00] [Server thread/WARN] [net.minecraft.entity.EntityTrackerEntry]: Fetching addPacket for removed entity
[22:24:02] [Server thread/WARN] [net.minecraft.entity.EntityTrackerEntry]: Fetching addPacket for removed entity
[22:24:02] [Server thread/WARN] [net.minecraft.entity.EntityTrackerEntry]: Fetching addPacket for removed entity
[22:24:03] [Server thread/WARN] [net.minecraft.entity.EntityTrackerEntry]: Fetching addPacket for removed entity
[22:24:15] [Server thread/WARN] [net.minecraft.entity.EntityTrackerEntry]: Fetching addPacket for removed entity
[22:24:15] [Server thread/WARN] [net.minecraft.entity.EntityTrackerEntry]: Fetching addPacket for removed entity
[22:24:19] [Server thread/WARN] [net.minecraft.entity.EntityTrackerEntry]: Fetching addPacket for removed entity
[22:24:19] [Server thread/WARN] [net.minecraft.entity.EntityTrackerEntry]: Fetching addPacket for removed entity
[22:24:25] [Server thread/WARN] [net.minecraft.entity.EntityTrackerEntry]: Fetching addPacket for removed entity
[22:24:25] [Server thread/WARN] [net.minecraft.entity.EntityTrackerEntry]: Fetching addPacket for removed entity
[22:24:25] [Server thread/WARN] [net.minecraft.entity.EntityTrackerEntry]: Fetching addPacket for removed entity
[22:24:25] [Server thread/WARN] [net.minecraft.entity.EntityTrackerEntry]: Fetching addPacket for removed entity
[22:24:28] [Server thread/WARN] [net.minecraft.entity.EntityTrackerEntry]: Fetching addPacket for removed entity
[22:24:28] [Server thread/WARN] [net.minecraft.entity.EntityTrackerEntry]: Fetching addPacket for removed entity
[22:24:30] [Server thread/WARN] [net.minecraft.entity.EntityTrackerEntry]: Fetching addPacket for removed entity
[22:24:30] [Server thread/WARN] [net.minecraft.entity.EntityTrackerEntry]: Fetching addPacket for removed entity
[22:24:30] [Server thread/INFO] [net.minecraft.server.dedicated.DedicatedServer]: [C0LIGAMES: Set own game mode to Spectator Mode]
[22:25:08] [Server thread/INFO] [net.minecraft.server.dedicated.DedicatedServer]: [C0LIGAMES: Set own game mode to Survival Mode]
[22:25:14] [Server thread/INFO] [net.minecraft.server.dedicated.DedicatedServer]: [C0LIGAMES: Set own game mode to Creative Mode]
[22:25:21] [Server thread/INFO] [net.minecraft.server.dedicated.DedicatedServer]: [C0LIGAMES: Set own game mode to Survival Mode]
[22:27:43] [Server thread/INFO] [net.minecraft.network.NetHandlerPlayServer]: C0LIGAMES lost connection: Disconnected
[22:27:43] [Server thread/INFO] [net.minecraft.server.dedicated.DedicatedServer]: C0LIGAMES left the game
[22:27:57] [Server thread/INFO] [net.minecraft.server.dedicated.DedicatedServer]: Stopping the server
[22:27:58] [Server thread/INFO] [net.minecraft.server.MinecraftServer]: Stopping server
[22:27:58] [Server thread/INFO] [net.minecraft.server.MinecraftServer]: Saving players
[22:27:58] [Server thread/INFO] [net.minecraft.server.MinecraftServer]: Saving worlds
[22:27:58] [Server thread/INFO] [net.minecraft.server.MinecraftServer]: Saving chunks for level 'world'/overworld
[22:27:58] [Server thread/INFO] [net.minecraft.server.MinecraftServer]: Saving chunks for level 'world'/Storage Cell
[22:27:58] [Server thread/INFO] [FML]: Unloading dimension 0
[22:27:58] [Server thread/INFO] [FML]: Unloading dimension 2
[22:27:58] [Server Shutdown Thread/INFO] [net.minecraft.server.MinecraftServer]: Stopping server
[22:27:58] [Server Shutdown Thread/INFO] [net.minecraft.server.MinecraftServer]: Saving players
[22:27:58] [Server Shutdown Thread/INFO] [net.minecraft.server.MinecraftServer]: Saving worlds
